config,K,I1,I2,I3,N,rep,meeting_time
I_100_100_100,3,100,100,100,1004,0,14
I_100_100_100,3,100,100,100,1064,1,21
I_100_100_100,3,100,100,100,1073,2,43
I_100_100_100,3,100,100,100,1002,3,7
I_100_100_100,3,100,100,100,998,4,51
I_100_100_100,3,100,100,100,959,5,37
I_100_100_100,3,100,100,100,952,6,7
I_100_100_100,3,100,100,100,1024,7,7
I_100_100_100,3,100,100,100,967,8,29
I_100_100_100,3,100,100,100,1010,9,21
I_100_100_100,3,100,100,100,979,10,54
I_100_100_100,3,100,100,100,981,11,12
I_100_100_100,3,100,100,100,983,12,9
I_100_100_100,3,100,100,100,1021,13,16
I_100_100_100,3,100,100,100,985,14,15
I_100_100_100,3,100,100,100,1040,15,8
I_100_100_100,3,100,100,100,1001,16,38
I_100_100_100,3,100,100,100,967,17,7
I_100_100_100,3,100,100,100,977,18,23
I_100_100_100,3,100,100,100,1016,19,22
I_100_100_100,3,100,100,100,1016,20,18
I_100_100_100,3,100,100,100,946,21,60
I_100_100_100,3,100,100,100,991,22,38
I_100_100_100,3,100,100,100,1020,23,48
I_100_100_100,3,100,100,100,1026,24,39
I_100_100_100,3,100,100,100,949,25,25
I_100_100_100,3,100,100,100,987,26,8
I_100_100_100,3,100,100,100,1028,27,39
I_100_100_100,3,100,100,100,1000,28,23
I_100_100_100,3,100,100,100,1013,29,12
I_100_100_100,3,100,100,100,1002,30,7
I_100_100_100,3,100,100,100,1039,31,7
I_100_100_100,3,100,100,100,982,32,46
I_100_100_100,3,100,100,100,983,33,70
I_100_100_100,3,100,100,100,1042,34,41
I_100_100_100,3,100,100,100,1008,35,38
I_100_100_100,3,100,100,100,971,36,20
I_100_100_100,3,100,100,100,985,37,53
I_100_100_100,3,100,100,100,1014,38,55
I_100_100_100,3,100,100,100,988,39,14
I_100_100_100,3,100,100,100,992,40,18
I_100_100_100,3,100,100,100,994,41,12
I_100_100_100,3,100,100,100,985,42,18
I_100_100_100,3,100,100,100,988,43,11
I_100_100_100,3,100,100,100,965,44,14
I_100_100_100,3,100,100,100,1049,45,17
I_100_100_100,3,100,100,100,1091,46,62
I_100_100_100,3,100,100,100,973,47,25
I_100_100_100,3,100,100,100,1005,48,14
I_100_100_100,3,100,100,100,1025,49,16
I_100_100_100,3,100,100,100,999,50,19
I_100_100_100,3,100,100,100,1029,51,20
I_100_100_100,3,100,100,100,1006,52,7
I_100_100_100,3,100,100,100,1035,53,15
I_100_100_100,3,100,100,100,986,54,41
I_100_100_100,3,100,100,100,1046,55,47
I_100_100_100,3,100,100,100,954,56,60
I_100_100_100,3,100,100,100,986,57,13
I_100_100_100,3,100,100,100,995,58,10
I_100_100_100,3,100,100,100,990,59,20
I_100_100_100,3,100,100,100,999,60,33
I_100_100_100,3,100,100,100,1047,61,7
I_100_100_100,3,100,100,100,1018,62,18
I_100_100_100,3,100,100,100,936,63,21
I_100_100_100,3,100,100,100,997,64,21
I_100_100_100,3,100,100,100,987,65,24
I_100_100_100,3,100,100,100,1033,66,17
I_100_100_100,3,100,100,100,1029,67,32
I_100_100_100,3,100,100,100,1000,68,39
I_100_100_100,3,100,100,100,998,69,8
I_100_100_100,3,100,100,100,983,70,37
I_100_100_100,3,100,100,100,982,71,38
I_100_100_100,3,100,100,100,1014,72,29
I_100_100_100,3,100,100,100,999,73,16
I_100_100_100,3,100,100,100,1021,74,32
I_100_100_100,3,100,100,100,1022,75,11
I_100_100_100,3,100,100,100,994,76,19
I_100_100_100,3,100,100,100,1031,77,22
I_100_100_100,3,100,100,100,1025,78,45
I_100_100_100,3,100,100,100,1037,79,32
I_100_100_100,3,100,100,100,992,80,8
I_100_100_100,3,100,100,100,991,81,68
I_100_100_100,3,100,100,100,1084,82,15
I_100_100_100,3,100,100,100,1028,83,9
I_100_100_100,3,100,100,100,979,84,27
I_100_100_100,3,100,100,100,962,85,8
I_100_100_100,3,100,100,100,992,86,8
I_100_100_100,3,100,100,100,1000,87,16
I_100_100_100,3,100,100,100,1043,88,26
I_100_100_100,3,100,100,100,968,89,27
I_100_100_100,3,100,100,100,977,90,135
I_100_100_100,3,100,100,100,1019,91,58
I_100_100_100,3,100,100,100,991,92,25
I_100_100_100,3,100,100,100,1034,93,20
I_100_100_100,3,100,100,100,983,94,31
I_100_100_100,3,100,100,100,1021,95,6
I_100_100_100,3,100,100,100,966,96,21
I_100_100_100,3,100,100,100,1056,97,38
I_100_100_100,3,100,100,100,976,98,44
I_100_100_100,3,100,100,100,938,99,16
I_100_100_100,3,100,100,100,1019,100,20
I_100_100_100,3,100,100,100,987,101,42
I_100_100_100,3,100,100,100,1016,102,6
I_100_100_100,3,100,100,100,983,103,16
I_100_100_100,3,100,100,100,1010,104,13
I_100_100_100,3,100,100,100,996,105,6
I_100_100_100,3,100,100,100,1014,106,19
I_100_100_100,3,100,100,100,1005,107,30
I_100_100_100,3,100,100,100,1009,108,35
I_100_100_100,3,100,100,100,1056,109,18
I_100_100_100,3,100,100,100,1010,110,21
I_100_100_100,3,100,100,100,962,111,14
I_100_100_100,3,100,100,100,1019,112,30
I_100_100_100,3,100,100,100,1009,113,9
I_100_100_100,3,100,100,100,1002,114,109
I_100_100_100,3,100,100,100,1020,115,8
I_100_100_100,3,100,100,100,990,116,8
I_100_100_100,3,100,100,100,992,117,18
I_100_100_100,3,100,100,100,1026,118,32
I_100_100_100,3,100,100,100,1005,119,14
I_100_100_100,3,100,100,100,986,120,39
I_100_100_100,3,100,100,100,960,121,7
I_100_100_100,3,100,100,100,973,122,38
I_100_100_100,3,100,100,100,963,123,10
I_100_100_100,3,100,100,100,1015,124,23
I_100_100_100,3,100,100,100,988,125,25
I_100_100_100,3,100,100,100,984,126,29
I_100_100_100,3,100,100,100,971,127,8
I_100_100_100,3,100,100,100,1030,128,18
I_100_100_100,3,100,100,100,1048,129,59
I_100_100_100,3,100,100,100,1025,130,45
I_100_100_100,3,100,100,100,1029,131,17
I_100_100_100,3,100,100,100,1067,132,45
I_100_100_100,3,100,100,100,988,133,29
I_100_100_100,3,100,100,100,984,134,29
I_100_100_100,3,100,100,100,1034,135,19
I_100_100_100,3,100,100,100,1022,136,13
I_100_100_100,3,100,100,100,986,137,16
I_100_100_100,3,100,100,100,1049,138,19
I_100_100_100,3,100,100,100,1018,139,23
I_100_100_100,3,100,100,100,1072,140,6
I_100_100_100,3,100,100,100,1005,141,13
I_100_100_100,3,100,100,100,1009,142,11
I_100_100_100,3,100,100,100,1007,143,17
I_100_100_100,3,100,100,100,1049,144,26
I_100_100_100,3,100,100,100,966,145,27
I_100_100_100,3,100,100,100,960,146,11
I_100_100_100,3,100,100,100,975,147,24
I_100_100_100,3,100,100,100,962,148,78
I_100_100_100,3,100,100,100,1058,149,27
I_100_100_100,3,100,100,100,1029,150,15
I_100_100_100,3,100,100,100,987,151,9
I_100_100_100,3,100,100,100,999,152,16
I_100_100_100,3,100,100,100,1012,153,32
I_100_100_100,3,100,100,100,1015,154,55
I_100_100_100,3,100,100,100,1057,155,27
I_100_100_100,3,100,100,100,1031,156,9
I_100_100_100,3,100,100,100,1028,157,19
I_100_100_100,3,100,100,100,965,158,84
I_100_100_100,3,100,100,100,1038,159,29
I_100_100_100,3,100,100,100,1022,160,14
I_100_100_100,3,100,100,100,1035,161,13
I_100_100_100,3,100,100,100,961,162,43
I_100_100_100,3,100,100,100,1003,163,40
I_100_100_100,3,100,100,100,1013,164,28
I_100_100_100,3,100,100,100,1013,165,15
I_100_100_100,3,100,100,100,1027,166,7
I_100_100_100,3,100,100,100,980,167,38
I_100_100_100,3,100,100,100,1030,168,46
I_100_100_100,3,100,100,100,1010,169,22
I_100_100_100,3,100,100,100,1025,170,54
I_100_100_100,3,100,100,100,1013,171,25
I_100_100_100,3,100,100,100,1050,172,53
I_100_100_100,3,100,100,100,1000,173,12
I_100_100_100,3,100,100,100,1018,174,19
I_100_100_100,3,100,100,100,970,175,27
I_100_100_100,3,100,100,100,1023,176,13
I_100_100_100,3,100,100,100,945,177,28
I_100_100_100,3,100,100,100,981,178,34
I_100_100_100,3,100,100,100,1003,179,39
I_100_100_100,3,100,100,100,1018,180,9
I_100_100_100,3,100,100,100,1000,181,6
I_100_100_100,3,100,100,100,986,182,23
I_100_100_100,3,100,100,100,1018,183,27
I_100_100_100,3,100,100,100,1037,184,19
I_100_100_100,3,100,100,100,1043,185,104
I_100_100_100,3,100,100,100,929,186,35
I_100_100_100,3,100,100,100,1059,187,7
I_100_100_100,3,100,100,100,1022,188,52
I_100_100_100,3,100,100,100,1020,189,7
I_100_100_100,3,100,100,100,982,190,40
I_100_100_100,3,100,100,100,1029,191,72
I_100_100_100,3,100,100,100,1030,192,27
I_100_100_100,3,100,100,100,991,193,8
I_100_100_100,3,100,100,100,1007,194,77
I_100_100_100,3,100,100,100,953,195,14
I_100_100_100,3,100,100,100,993,196,81
I_100_100_100,3,100,100,100,1047,197,6
I_100_100_100,3,100,100,100,1014,198,37
I_100_100_100,3,100,100,100,978,199,9
I_200_100_50,3,200,100,50,485,0,13
I_200_100_50,3,200,100,50,469,1,10
I_200_100_50,3,200,100,50,472,2,16
I_200_100_50,3,200,100,50,496,3,16
I_200_100_50,3,200,100,50,477,4,9
I_200_100_50,3,200,100,50,524,5,10
I_200_100_50,3,200,100,50,508,6,12
I_200_100_50,3,200,100,50,493,7,13
I_200_100_50,3,200,100,50,514,8,10
I_200_100_50,3,200,100,50,509,9,23
I_200_100_50,3,200,100,50,497,10,35
I_200_100_50,3,200,100,50,460,11,22
I_200_100_50,3,200,100,50,523,12,15
I_200_100_50,3,200,100,50,513,13,33
I_200_100_50,3,200,100,50,471,14,18
I_200_100_50,3,200,100,50,505,15,17
I_200_100_50,3,200,100,50,506,16,12
I_200_100_50,3,200,100,50,492,17,10
I_200_100_50,3,200,100,50,464,18,26
I_200_100_50,3,200,100,50,486,19,17
I_200_100_50,3,200,100,50,533,20,9
I_200_100_50,3,200,100,50,519,21,12
I_200_100_50,3,200,100,50,469,22,14
I_200_100_50,3,200,100,50,506,23,14
I_200_100_50,3,200,100,50,493,24,21
I_200_100_50,3,200,100,50,467,25,9
I_200_100_50,3,200,100,50,498,26,12
I_200_100_50,3,200,100,50,492,27,31
I_200_100_50,3,200,100,50,481,28,13
I_200_100_50,3,200,100,50,495,29,12
I_200_100_50,3,200,100,50,538,30,11
I_200_100_50,3,200,100,50,534,31,11
I_200_100_50,3,200,100,50,519,32,11
I_200_100_50,3,200,100,50,485,33,11
I_200_100_50,3,200,100,50,525,34,22
I_200_100_50,3,200,100,50,484,35,15
I_200_100_50,3,200,100,50,513,36,15
I_200_100_50,3,200,100,50,474,37,17
I_200_100_50,3,200,100,50,496,38,11
I_200_100_50,3,200,100,50,543,39,17
I_200_100_50,3,200,100,50,444,40,9
I_200_100_50,3,200,100,50,499,41,63
I_200_100_50,3,200,100,50,480,42,17
I_200_100_50,3,200,100,50,471,43,14
I_200_100_50,3,200,100,50,488,44,18
I_200_100_50,3,200,100,50,536,45,12
I_200_100_50,3,200,100,50,492,46,10
I_200_100_50,3,200,100,50,515,47,9
I_200_100_50,3,200,100,50,461,48,19
I_200_100_50,3,200,100,50,497,49,9
I_200_100_50,3,200,100,50,482,50,10
I_200_100_50,3,200,100,50,475,51,17
I_200_100_50,3,200,100,50,480,52,9
I_200_100_50,3,200,100,50,499,53,22
I_200_100_50,3,200,100,50,481,54,12
I_200_100_50,3,200,100,50,478,55,10
I_200_100_50,3,200,100,50,509,56,15
I_200_100_50,3,200,100,50,542,57,21
I_200_100_50,3,200,100,50,526,58,11
I_200_100_50,3,200,100,50,502,59,63
I_200_100_50,3,200,100,50,478,60,23
I_200_100_50,3,200,100,50,500,61,19
I_200_100_50,3,200,100,50,563,62,33
I_200_100_50,3,200,100,50,479,63,47
I_200_100_50,3,200,100,50,473,64,14
I_200_100_50,3,200,100,50,527,65,23
I_200_100_50,3,200,100,50,507,66,15
I_200_100_50,3,200,100,50,522,67,24
I_200_100_50,3,200,100,50,502,68,19
I_200_100_50,3,200,100,50,483,69,16
I_200_100_50,3,200,100,50,531,70,27
I_200_100_50,3,200,100,50,469,71,13
I_200_100_50,3,200,100,50,476,72,29
I_200_100_50,3,200,100,50,506,73,13
I_200_100_50,3,200,100,50,525,74,15
I_200_100_50,3,200,100,50,481,75,11
I_200_100_50,3,200,100,50,496,76,19
I_200_100_50,3,200,100,50,489,77,29
I_200_100_50,3,200,100,50,518,78,14
I_200_100_50,3,200,100,50,508,79,49
I_200_100_50,3,200,100,50,500,80,9
I_200_100_50,3,200,100,50,499,81,10
I_200_100_50,3,200,100,50,488,82,13
I_200_100_50,3,200,100,50,522,83,56
I_200_100_50,3,200,100,50,515,84,13
I_200_100_50,3,200,100,50,524,85,15
I_200_100_50,3,200,100,50,483,86,18
I_200_100_50,3,200,100,50,522,87,19
I_200_100_50,3,200,100,50,461,88,26
I_200_100_50,3,200,100,50,479,89,41
I_200_100_50,3,200,100,50,506,90,10
I_200_100_50,3,200,100,50,482,91,68
I_200_100_50,3,200,100,50,497,92,10
I_200_100_50,3,200,100,50,498,93,12
I_200_100_50,3,200,100,50,517,94,25
I_200_100_50,3,200,100,50,523,95,13
I_200_100_50,3,200,100,50,500,96,10
I_200_100_50,3,200,100,50,471,97,27
I_200_100_50,3,200,100,50,508,98,42
I_200_100_50,3,200,100,50,509,99,16
I_200_100_50,3,200,100,50,521,100,13
I_200_100_50,3,200,100,50,513,101,27
I_200_100_50,3,200,100,50,482,102,22
I_200_100_50,3,200,100,50,518,103,10
I_200_100_50,3,200,100,50,541,104,13
I_200_100_50,3,200,100,50,532,105,13
I_200_100_50,3,200,100,50,524,106,12
I_200_100_50,3,200,100,50,508,107,15
I_200_100_50,3,200,100,50,535,108,15
I_200_100_50,3,200,100,50,497,109,10
I_200_100_50,3,200,100,50,471,110,27
I_200_100_50,3,200,100,50,501,111,25
I_200_100_50,3,200,100,50,509,112,14
I_200_100_50,3,200,100,50,518,113,36
I_200_100_50,3,200,100,50,538,114,23
I_200_100_50,3,200,100,50,470,115,10
I_200_100_50,3,200,100,50,478,116,51
I_200_100_50,3,200,100,50,477,117,19
I_200_100_50,3,200,100,50,533,118,11
I_200_100_50,3,200,100,50,510,119,10
I_200_100_50,3,200,100,50,505,120,10
I_200_100_50,3,200,100,50,478,121,8
I_200_100_50,3,200,100,50,477,122,10
I_200_100_50,3,200,100,50,505,123,11
I_200_100_50,3,200,100,50,515,124,13
I_200_100_50,3,200,100,50,490,125,8
I_200_100_50,3,200,100,50,490,126,12
I_200_100_50,3,200,100,50,482,127,16
I_200_100_50,3,200,100,50,516,128,14
I_200_100_50,3,200,100,50,474,129,18
I_200_100_50,3,200,100,50,520,130,13
I_200_100_50,3,200,100,50,456,131,25
I_200_100_50,3,200,100,50,484,132,15
I_200_100_50,3,200,100,50,510,133,18
I_200_100_50,3,200,100,50,502,134,14
I_200_100_50,3,200,100,50,500,135,16
I_200_100_50,3,200,100,50,470,136,9
I_200_100_50,3,200,100,50,502,137,10
I_200_100_50,3,200,100,50,517,138,9
I_200_100_50,3,200,100,50,481,139,16
I_200_100_50,3,200,100,50,495,140,28
I_200_100_50,3,200,100,50,506,141,30
I_200_100_50,3,200,100,50,568,142,9
I_200_100_50,3,200,100,50,528,143,16
I_200_100_50,3,200,100,50,476,144,10
I_200_100_50,3,200,100,50,501,145,67
I_200_100_50,3,200,100,50,460,146,26
I_200_100_50,3,200,100,50,503,147,18
I_200_100_50,3,200,100,50,505,148,17
I_200_100_50,3,200,100,50,495,149,30
I_200_100_50,3,200,100,50,524,150,25
I_200_100_50,3,200,100,50,536,151,28
I_200_100_50,3,200,100,50,488,152,11
I_200_100_50,3,200,100,50,512,153,13
I_200_100_50,3,200,100,50,500,154,9
I_200_100_50,3,200,100,50,531,155,56
I_200_100_50,3,200,100,50,491,156,51
I_200_100_50,3,200,100,50,542,157,22
I_200_100_50,3,200,100,50,510,158,18
I_200_100_50,3,200,100,50,485,159,16
I_200_100_50,3,200,100,50,500,160,9
I_200_100_50,3,200,100,50,496,161,19
I_200_100_50,3,200,100,50,473,162,11
I_200_100_50,3,200,100,50,570,163,10
I_200_100_50,3,200,100,50,493,164,39
I_200_100_50,3,200,100,50,512,165,13
I_200_100_50,3,200,100,50,461,166,28
I_200_100_50,3,200,100,50,505,167,15
I_200_100_50,3,200,100,50,515,168,11
I_200_100_50,3,200,100,50,507,169,20
I_200_100_50,3,200,100,50,508,170,9
I_200_100_50,3,200,100,50,496,171,10
I_200_100_50,3,200,100,50,518,172,34
I_200_100_50,3,200,100,50,452,173,9
I_200_100_50,3,200,100,50,493,174,14
I_200_100_50,3,200,100,50,491,175,32
I_200_100_50,3,200,100,50,477,176,10
I_200_100_50,3,200,100,50,513,177,14
I_200_100_50,3,200,100,50,510,178,27
I_200_100_50,3,200,100,50,499,179,23
I_200_100_50,3,200,100,50,522,180,16
I_200_100_50,3,200,100,50,477,181,25
I_200_100_50,3,200,100,50,507,182,30
I_200_100_50,3,200,100,50,513,183,21
I_200_100_50,3,200,100,50,521,184,39
I_200_100_50,3,200,100,50,508,185,23
I_200_100_50,3,200,100,50,475,186,9
I_200_100_50,3,200,100,50,505,187,10
I_200_100_50,3,200,100,50,521,188,17
I_200_100_50,3,200,100,50,492,189,13
I_200_100_50,3,200,100,50,507,190,13
I_200_100_50,3,200,100,50,468,191,46
I_200_100_50,3,200,100,50,481,192,14
I_200_100_50,3,200,100,50,528,193,15
I_200_100_50,3,200,100,50,513,194,8
I_200_100_50,3,200,100,50,511,195,15
I_200_100_50,3,200,100,50,520,196,23
I_200_100_50,3,200,100,50,488,197,21
I_200_100_50,3,200,100,50,515,198,36
I_200_100_50,3,200,100,50,508,199,13
I_50_100_200,3,50,100,200,2006,0,7
I_50_100_200,3,50,100,200,1936,1,10
I_50_100_200,3,50,100,200,1906,2,101
I_50_100_200,3,50,100,200,2089,3,20
I_50_100_200,3,50,100,200,2002,4,12
I_50_100_200,3,50,100,200,1935,5,21
I_50_100_200,3,50,100,200,1923,6,42
I_50_100_200,3,50,100,200,1930,7,20
I_50_100_200,3,50,100,200,1997,8,60
I_50_100_200,3,50,100,200,2045,9,12
I_50_100_200,3,50,100,200,2003,10,11
I_50_100_200,3,50,100,200,1954,11,15
I_50_100_200,3,50,100,200,2028,12,50
I_50_100_200,3,50,100,200,1994,13,71
I_50_100_200,3,50,100,200,2005,14,11
I_50_100_200,3,50,100,200,1983,15,8
I_50_100_200,3,50,100,200,1955,16,28
I_50_100_200,3,50,100,200,1913,17,48
I_50_100_200,3,50,100,200,2004,18,6
I_50_100_200,3,50,100,200,2092,19,16
I_50_100_200,3,50,100,200,2001,20,21
I_50_100_200,3,50,100,200,2060,21,54
I_50_100_200,3,50,100,200,2115,22,56
I_50_100_200,3,50,100,200,1952,23,35
I_50_100_200,3,50,100,200,1922,24,16
I_50_100_200,3,50,100,200,2004,25,47
I_50_100_200,3,50,100,200,1982,26,11
I_50_100_200,3,50,100,200,1985,27,24
I_50_100_200,3,50,100,200,2040,28,93
I_50_100_200,3,50,100,200,2105,29,27
I_50_100_200,3,50,100,200,1951,30,5
I_50_100_200,3,50,100,200,2054,31,7
I_50_100_200,3,50,100,200,2131,32,46
I_50_100_200,3,50,100,200,2008,33,28
I_50_100_200,3,50,100,200,2027,34,72
I_50_100_200,3,50,100,200,1996,35,34
I_50_100_200,3,50,100,200,1977,36,27
I_50_100_200,3,50,100,200,1974,37,34
I_50_100_200,3,50,100,200,2018,38,50
I_50_100_200,3,50,100,200,1957,39,66
I_50_100_200,3,50,100,200,2059,40,12
I_50_100_200,3,50,100,200,1970,41,5
I_50_100_200,3,50,100,200,2041,42,114
I_50_100_200,3,50,100,200,2045,43,10
I_50_100_200,3,50,100,200,2067,44,6
I_50_100_200,3,50,100,200,2044,45,25
I_50_100_200,3,50,100,200,2035,46,85
I_50_100_200,3,50,100,200,2051,47,47
I_50_100_200,3,50,100,200,2013,48,19
I_50_100_200,3,50,100,200,1933,49,12
I_50_100_200,3,50,100,200,1956,50,29
I_50_100_200,3,50,100,200,2023,51,5
I_50_100_200,3,50,100,200,2000,52,43
I_50_100_200,3,50,100,200,1963,53,15
I_50_100_200,3,50,100,200,2018,54,16
I_50_100_200,3,50,100,200,1994,55,17
I_50_100_200,3,50,100,200,1975,56,12
I_50_100_200,3,50,100,200,2019,57,8
I_50_100_200,3,50,100,200,1931,58,34
I_50_100_200,3,50,100,200,2122,59,15
I_50_100_200,3,50,100,200,1966,60,27
I_50_100_200,3,50,100,200,2056,61,10
I_50_100_200,3,50,100,200,2053,62,10
I_50_100_200,3,50,100,200,1906,63,24
I_50_100_200,3,50,100,200,1979,64,51
I_50_100_200,3,50,100,200,2022,65,24
I_50_100_200,3,50,100,200,2066,66,37
I_50_100_200,3,50,100,200,1995,67,151
I_50_100_200,3,50,100,200,2036,68,34
I_50_100_200,3,50,100,200,1962,69,32
I_50_100_200,3,50,100,200,1987,70,6
I_50_100_200,3,50,100,200,2026,71,26
I_50_100_200,3,50,100,200,2031,72,5
I_50_100_200,3,50,100,200,1969,73,41
I_50_100_200,3,50,100,200,2019,74,18
I_50_100_200,3,50,100,200,1979,75,16
I_50_100_200,3,50,100,200,1988,76,12
I_50_100_200,3,50,100,200,1994,77,37
I_50_100_200,3,50,100,200,2008,78,33
I_50_100_200,3,50,100,200,2008,79,30
I_50_100_200,3,50,100,200,2039,80,6
I_50_100_200,3,50,100,200,1946,81,20
I_50_100_200,3,50,100,200,1914,82,17
I_50_100_200,3,50,100,200,1965,83,50
I_50_100_200,3,50,100,200,1983,84,12
I_50_100_200,3,50,100,200,2018,85,10
I_50_100_200,3,50,100,200,1997,86,60
I_50_100_200,3,50,100,200,2039,87,27
I_50_100_200,3,50,100,200,1988,88,17
I_50_100_200,3,50,100,200,2018,89,55
I_50_100_200,3,50,100,200,1982,90,15
I_50_100_200,3,50,100,200,2029,91,40
I_50_100_200,3,50,100,200,2004,92,14
I_50_100_200,3,50,100,200,1987,93,73
I_50_100_200,3,50,100,200,2020,94,8
I_50_100_200,3,50,100,200,1964,95,130
I_50_100_200,3,50,100,200,1984,96,31
I_50_100_200,3,50,100,200,2039,97,20
I_50_100_200,3,50,100,200,2056,98,37
I_50_100_200,3,50,100,200,1962,99,13
I_50_100_200,3,50,100,200,2041,100,14
I_50_100_200,3,50,100,200,1952,101,149
I_50_100_200,3,50,100,200,1994,102,5
I_50_100_200,3,50,100,200,2021,103,36
I_50_100_200,3,50,100,200,2007,104,33
I_50_100_200,3,50,100,200,1967,105,81
I_50_100_200,3,50,100,200,2011,106,12
I_50_100_200,3,50,100,200,2034,107,18
I_50_100_200,3,50,100,200,2002,108,29
I_50_100_200,3,50,100,200,2031,109,43
I_50_100_200,3,50,100,200,2005,110,16
I_50_100_200,3,50,100,200,1974,111,48
I_50_100_200,3,50,100,200,1955,112,56
I_50_100_200,3,50,100,200,2066,113,22
I_50_100_200,3,50,100,200,2016,114,18
I_50_100_200,3,50,100,200,1964,115,23
I_50_100_200,3,50,100,200,1993,116,21
I_50_100_200,3,50,100,200,2008,117,8
I_50_100_200,3,50,100,200,1892,118,33
I_50_100_200,3,50,100,200,1985,119,8
I_50_100_200,3,50,100,200,2043,120,10
I_50_100_200,3,50,100,200,1887,121,30
I_50_100_200,3,50,100,200,2061,122,74
I_50_100_200,3,50,100,200,2007,123,5
I_50_100_200,3,50,100,200,2029,124,32
I_50_100_200,3,50,100,200,2041,125,6
I_50_100_200,3,50,100,200,2056,126,66
I_50_100_200,3,50,100,200,2001,127,324
I_50_100_200,3,50,100,200,2069,128,37
I_50_100_200,3,50,100,200,2042,129,7
I_50_100_200,3,50,100,200,2025,130,54
I_50_100_200,3,50,100,200,1964,131,31
I_50_100_200,3,50,100,200,2064,132,61
I_50_100_200,3,50,100,200,2029,133,39
I_50_100_200,3,50,100,200,2088,134,10
I_50_100_200,3,50,100,200,2046,135,10
I_50_100_200,3,50,100,200,1992,136,16
I_50_100_200,3,50,100,200,1996,137,13
I_50_100_200,3,50,100,200,2011,138,19
I_50_100_200,3,50,100,200,1994,139,36
I_50_100_200,3,50,100,200,2048,140,11
I_50_100_200,3,50,100,200,1992,141,35
I_50_100_200,3,50,100,200,1963,142,75
I_50_100_200,3,50,100,200,2056,143,18
I_50_100_200,3,50,100,200,2061,144,105
I_50_100_200,3,50,100,200,2011,145,33
I_50_100_200,3,50,100,200,1905,146,59
I_50_100_200,3,50,100,200,1924,147,14
I_50_100_200,3,50,100,200,2015,148,23
I_50_100_200,3,50,100,200,1971,149,17
I_50_100_200,3,50,100,200,1924,150,13
I_50_100_200,3,50,100,200,1979,151,6
I_50_100_200,3,50,100,200,1957,152,52
I_50_100_200,3,50,100,200,1990,153,241
I_50_100_200,3,50,100,200,1915,154,14
I_50_100_200,3,50,100,200,1989,155,16
I_50_100_200,3,50,100,200,1945,156,34
I_50_100_200,3,50,100,200,2058,157,18
I_50_100_200,3,50,100,200,2002,158,27
I_50_100_200,3,50,100,200,1967,159,17
I_50_100_200,3,50,100,200,1974,160,29
I_50_100_200,3,50,100,200,2030,161,16
I_50_100_200,3,50,100,200,1962,162,6
I_50_100_200,3,50,100,200,2002,163,6
I_50_100_200,3,50,100,200,1977,164,10
I_50_100_200,3,50,100,200,2017,165,40
I_50_100_200,3,50,100,200,2061,166,95
I_50_100_200,3,50,100,200,1977,167,37
I_50_100_200,3,50,100,200,1889,168,13
I_50_100_200,3,50,100,200,1962,169,149
I_50_100_200,3,50,100,200,2019,170,60
I_50_100_200,3,50,100,200,2026,171,22
I_50_100_200,3,50,100,200,2072,172,44
I_50_100_200,3,50,100,200,1990,173,14
I_50_100_200,3,50,100,200,2027,174,45
I_50_100_200,3,50,100,200,2006,175,41
I_50_100_200,3,50,100,200,1975,176,25
I_50_100_200,3,50,100,200,2044,177,8
I_50_100_200,3,50,100,200,1997,178,50
I_50_100_200,3,50,100,200,2065,179,70
I_50_100_200,3,50,100,200,1983,180,12
I_50_100_200,3,50,100,200,1989,181,20
I_50_100_200,3,50,100,200,2013,182,14
I_50_100_200,3,50,100,200,2010,183,34
I_50_100_200,3,50,100,200,1943,184,46
I_50_100_200,3,50,100,200,2045,185,8
I_50_100_200,3,50,100,200,1999,186,12
I_50_100_200,3,50,100,200,1991,187,7
I_50_100_200,3,50,100,200,1978,188,11
I_50_100_200,3,50,100,200,2004,189,23
I_50_100_200,3,50,100,200,2004,190,225
I_50_100_200,3,50,100,200,1935,191,6
I_50_100_200,3,50,100,200,2018,192,10
I_50_100_200,3,50,100,200,2059,193,13
I_50_100_200,3,50,100,200,1954,194,98
I_50_100_200,3,50,100,200,1993,195,7
I_50_100_200,3,50,100,200,1984,196,55
I_50_100_200,3,50,100,200,1939,197,15
I_50_100_200,3,50,100,200,2008,198,6
I_50_100_200,3,50,100,200,1933,199,14
I_300_100_30,3,300,100,30,281,0,12
I_300_100_30,3,300,100,30,323,1,12
I_300_100_30,3,300,100,30,292,2,13
I_300_100_30,3,300,100,30,314,3,11
I_300_100_30,3,300,100,30,307,4,13
I_300_100_30,3,300,100,30,286,5,10
I_300_100_30,3,300,100,30,290,6,11
I_300_100_30,3,300,100,30,303,7,11
I_300_100_30,3,300,100,30,312,8,22
I_300_100_30,3,300,100,30,296,9,16
I_300_100_30,3,300,100,30,308,10,11
I_300_100_30,3,300,100,30,296,11,9
I_300_100_30,3,300,100,30,310,12,21
I_300_100_30,3,300,100,30,253,13,27
I_300_100_30,3,300,100,30,294,14,11
I_300_100_30,3,300,100,30,287,15,13
I_300_100_30,3,300,100,30,325,16,17
I_300_100_30,3,300,100,30,294,17,18
I_300_100_30,3,300,100,30,305,18,29
I_300_100_30,3,300,100,30,291,19,13
I_300_100_30,3,300,100,30,326,20,11
I_300_100_30,3,300,100,30,300,21,15
I_300_100_30,3,300,100,30,270,22,13
I_300_100_30,3,300,100,30,318,23,10
I_300_100_30,3,300,100,30,294,24,10
I_300_100_30,3,300,100,30,263,25,11
I_300_100_30,3,300,100,30,299,26,13
I_300_100_30,3,300,100,30,324,27,16
I_300_100_30,3,300,100,30,306,28,35
I_300_100_30,3,300,100,30,276,29,10
I_300_100_30,3,300,100,30,324,30,12
I_300_100_30,3,300,100,30,298,31,10
I_300_100_30,3,300,100,30,285,32,11
I_300_100_30,3,300,100,30,304,33,10
I_300_100_30,3,300,100,30,297,34,10
I_300_100_30,3,300,100,30,328,35,34
I_300_100_30,3,300,100,30,328,36,12
I_300_100_30,3,300,100,30,283,37,14
I_300_100_30,3,300,100,30,269,38,14
I_300_100_30,3,300,100,30,292,39,15
I_300_100_30,3,300,100,30,336,40,10
I_300_100_30,3,300,100,30,326,41,14
I_300_100_30,3,300,100,30,313,42,13
I_300_100_30,3,300,100,30,298,43,16
I_300_100_30,3,300,100,30,298,44,16
I_300_100_30,3,300,100,30,314,45,15
I_300_100_30,3,300,100,30,332,46,10
I_300_100_30,3,300,100,30,306,47,14
I_300_100_30,3,300,100,30,301,48,28
I_300_100_30,3,300,100,30,309,49,10
I_300_100_30,3,300,100,30,306,50,24
I_300_100_30,3,300,100,30,318,51,13
I_300_100_30,3,300,100,30,304,52,10
I_300_100_30,3,300,100,30,270,53,12
I_300_100_30,3,300,100,30,284,54,18
I_300_100_30,3,300,100,30,298,55,10
I_300_100_30,3,300,100,30,267,56,28
I_300_100_30,3,300,100,30,312,57,14
I_300_100_30,3,300,100,30,295,58,14
I_300_100_30,3,300,100,30,319,59,27
I_300_100_30,3,300,100,30,287,60,17
I_300_100_30,3,300,100,30,318,61,14
I_300_100_30,3,300,100,30,310,62,10
I_300_100_30,3,300,100,30,270,63,39
I_300_100_30,3,300,100,30,283,64,17
I_300_100_30,3,300,100,30,292,65,11
I_300_100_30,3,300,100,30,318,66,9
I_300_100_30,3,300,100,30,259,67,12
I_300_100_30,3,300,100,30,288,68,21
I_300_100_30,3,300,100,30,297,69,13
I_300_100_30,3,300,100,30,304,70,9
I_300_100_30,3,300,100,30,312,71,12
I_300_100_30,3,300,100,30,326,72,20
I_300_100_30,3,300,100,30,286,73,23
I_300_100_30,3,300,100,30,283,74,12
I_300_100_30,3,300,100,30,319,75,33
I_300_100_30,3,300,100,30,307,76,12
I_300_100_30,3,300,100,30,285,77,12
I_300_100_30,3,300,100,30,303,78,10
I_300_100_30,3,300,100,30,312,79,15
I_300_100_30,3,300,100,30,295,80,13
I_300_100_30,3,300,100,30,275,81,17
I_300_100_30,3,300,100,30,308,82,30
I_300_100_30,3,300,100,30,288,83,15
I_300_100_30,3,300,100,30,326,84,26
I_300_100_30,3,300,100,30,281,85,20
I_300_100_30,3,300,100,30,285,86,10
I_300_100_30,3,300,100,30,296,87,20
I_300_100_30,3,300,100,30,277,88,24
I_300_100_30,3,300,100,30,282,89,22
I_300_100_30,3,300,100,30,278,90,13
I_300_100_30,3,300,100,30,286,91,10
I_300_100_30,3,300,100,30,295,92,13
I_300_100_30,3,300,100,30,338,93,10
I_300_100_30,3,300,100,30,296,94,15
I_300_100_30,3,300,100,30,277,95,14
I_300_100_30,3,300,100,30,299,96,22
I_300_100_30,3,300,100,30,275,97,14
I_300_100_30,3,300,100,30,308,98,10
I_300_100_30,3,300,100,30,290,99,14
I_300_100_30,3,300,100,30,312,100,30
I_300_100_30,3,300,100,30,336,101,10
I_300_100_30,3,300,100,30,275,102,15
I_300_100_30,3,300,100,30,318,103,18
I_300_100_30,3,300,100,30,311,104,12
I_300_100_30,3,300,100,30,297,105,15
I_300_100_30,3,300,100,30,305,106,13
I_300_100_30,3,300,100,30,297,107,10
I_300_100_30,3,300,100,30,343,108,11
I_300_100_30,3,300,100,30,302,109,11
I_300_100_30,3,300,100,30,323,110,13
I_300_100_30,3,300,100,30,285,111,20
I_300_100_30,3,300,100,30,299,112,10
I_300_100_30,3,300,100,30,318,113,16
I_300_100_30,3,300,100,30,284,114,13
I_300_100_30,3,300,100,30,285,115,11
I_300_100_30,3,300,100,30,274,116,20
I_300_100_30,3,300,100,30,285,117,11
I_300_100_30,3,300,100,30,320,118,14
I_300_100_30,3,300,100,30,297,119,10
I_300_100_30,3,300,100,30,277,120,15
I_300_100_30,3,300,100,30,301,121,10
I_300_100_30,3,300,100,30,320,122,10
I_300_100_30,3,300,100,30,300,123,15
I_300_100_30,3,300,100,30,316,124,10
I_300_100_30,3,300,100,30,290,125,14
I_300_100_30,3,300,100,30,344,126,15
I_300_100_30,3,300,100,30,309,127,10
I_300_100_30,3,300,100,30,274,128,11
I_300_100_30,3,300,100,30,302,129,13
I_300_100_30,3,300,100,30,299,130,23
I_300_100_30,3,300,100,30,306,131,27
I_300_100_30,3,300,100,30,298,132,10
I_300_100_30,3,300,100,30,334,133,10
I_300_100_30,3,300,100,30,296,134,18
I_300_100_30,3,300,100,30,300,135,11
I_300_100_30,3,300,100,30,306,136,24
I_300_100_30,3,300,100,30,297,137,17
I_300_100_30,3,300,100,30,312,138,17
I_300_100_30,3,300,100,30,308,139,17
I_300_100_30,3,300,100,30,285,140,11
I_300_100_30,3,300,100,30,304,141,14
I_300_100_30,3,300,100,30,295,142,31
I_300_100_30,3,300,100,30,308,143,16
I_300_100_30,3,300,100,30,297,144,13
I_300_100_30,3,300,100,30,325,145,11
I_300_100_30,3,300,100,30,296,146,11
I_300_100_30,3,300,100,30,281,147,12
I_300_100_30,3,300,100,30,303,148,12
I_300_100_30,3,300,100,30,320,149,10
I_300_100_30,3,300,100,30,273,150,22
I_300_100_30,3,300,100,30,279,151,16
I_300_100_30,3,300,100,30,307,152,27
I_300_100_30,3,300,100,30,317,153,26
I_300_100_30,3,300,100,30,276,154,10
I_300_100_30,3,300,100,30,266,155,12
I_300_100_30,3,300,100,30,279,156,24
I_300_100_30,3,300,100,30,346,157,13
I_300_100_30,3,300,100,30,292,158,28
I_300_100_30,3,300,100,30,294,159,21
I_300_100_30,3,300,100,30,319,160,11
I_300_100_30,3,300,100,30,318,161,17
I_300_100_30,3,300,100,30,265,162,23
I_300_100_30,3,300,100,30,316,163,17
I_300_100_30,3,300,100,30,278,164,9
I_300_100_30,3,300,100,30,315,165,10
I_300_100_30,3,300,100,30,297,166,16
I_300_100_30,3,300,100,30,313,167,26
I_300_100_30,3,300,100,30,327,168,19
I_300_100_30,3,300,100,30,294,169,14
I_300_100_30,3,300,100,30,267,170,10
I_300_100_30,3,300,100,30,307,171,32
I_300_100_30,3,300,100,30,302,172,13
I_300_100_30,3,300,100,30,299,173,12
I_300_100_30,3,300,100,30,295,174,17
I_300_100_30,3,300,100,30,299,175,10
I_300_100_30,3,300,100,30,290,176,10
I_300_100_30,3,300,100,30,314,177,11
I_300_100_30,3,300,100,30,303,178,11
I_300_100_30,3,300,100,30,289,179,10
I_300_100_30,3,300,100,30,272,180,9
I_300_100_30,3,300,100,30,314,181,32
I_300_100_30,3,300,100,30,302,182,16
I_300_100_30,3,300,100,30,306,183,18
I_300_100_30,3,300,100,30,294,184,10
I_300_100_30,3,300,100,30,303,185,28
I_300_100_30,3,300,100,30,303,186,22
I_300_100_30,3,300,100,30,281,187,14
I_300_100_30,3,300,100,30,305,188,15
I_300_100_30,3,300,100,30,336,189,12
I_300_100_30,3,300,100,30,295,190,14
I_300_100_30,3,300,100,30,351,191,13
I_300_100_30,3,300,100,30,283,192,23
I_300_100_30,3,300,100,30,327,193,11
I_300_100_30,3,300,100,30,296,194,14
I_300_100_30,3,300,100,30,275,195,11
I_300_100_30,3,300,100,30,281,196,10
I_300_100_30,3,300,100,30,284,197,15
I_300_100_30,3,300,100,30,279,198,17
I_300_100_30,3,300,100,30,289,199,11
I_150_75_150,3,150,75,150,1509,0,46
I_150_75_150,3,150,75,150,1473,1,62
I_150_75_150,3,150,75,150,1497,2,58
I_150_75_150,3,150,75,150,1499,3,17
I_150_75_150,3,150,75,150,1614,4,10
I_150_75_150,3,150,75,150,1464,5,9
I_150_75_150,3,150,75,150,1464,6,38
I_150_75_150,3,150,75,150,1464,7,80
I_150_75_150,3,150,75,150,1513,8,49
I_150_75_150,3,150,75,150,1525,9,19
I_150_75_150,3,150,75,150,1498,10,7
I_150_75_150,3,150,75,150,1594,11,24
I_150_75_150,3,150,75,150,1461,12,17
I_150_75_150,3,150,75,150,1456,13,7
I_150_75_150,3,150,75,150,1486,14,18
I_150_75_150,3,150,75,150,1458,15,11
I_150_75_150,3,150,75,150,1432,16,25
I_150_75_150,3,150,75,150,1526,17,15
I_150_75_150,3,150,75,150,1437,18,32
I_150_75_150,3,150,75,150,1499,19,29
I_150_75_150,3,150,75,150,1473,20,42
I_150_75_150,3,150,75,150,1462,21,7
I_150_75_150,3,150,75,150,1505,22,7
I_150_75_150,3,150,75,150,1469,23,8
I_150_75_150,3,150,75,150,1533,24,7
I_150_75_150,3,150,75,150,1506,25,11
I_150_75_150,3,150,75,150,1462,26,83
I_150_75_150,3,150,75,150,1500,27,14
I_150_75_150,3,150,75,150,1444,28,22
I_150_75_150,3,150,75,150,1448,29,91
I_150_75_150,3,150,75,150,1553,30,10
I_150_75_150,3,150,75,150,1428,31,83
I_150_75_150,3,150,75,150,1501,32,10
I_150_75_150,3,150,75,150,1489,33,21
I_150_75_150,3,150,75,150,1465,34,38
I_150_75_150,3,150,75,150,1476,35,7
I_150_75_150,3,150,75,150,1539,36,9
I_150_75_150,3,150,75,150,1509,37,9
I_150_75_150,3,150,75,150,1483,38,13
I_150_75_150,3,150,75,150,1509,39,49
I_150_75_150,3,150,75,150,1515,40,55
I_150_75_150,3,150,75,150,1461,41,21
I_150_75_150,3,150,75,150,1434,42,7
I_150_75_150,3,150,75,150,1487,43,20
I_150_75_150,3,150,75,150,1474,44,23
I_150_75_150,3,150,75,150,1479,45,38
I_150_75_150,3,150,75,150,1429,46,8
I_150_75_150,3,150,75,150,1485,47,18
I_150_75_150,3,150,75,150,1479,48,71
I_150_75_150,3,150,75,150,1516,49,65
I_150_75_150,3,150,75,150,1487,50,34
I_150_75_150,3,150,75,150,1528,51,12
I_150_75_150,3,150,75,150,1512,52,33
I_150_75_150,3,150,75,150,1502,53,73
I_150_75_150,3,150,75,150,1494,54,27
I_150_75_150,3,150,75,150,1511,55,59
I_150_75_150,3,150,75,150,1502,56,35
I_150_75_150,3,150,75,150,1556,57,35
I_150_75_150,3,150,75,150,1494,58,43
I_150_75_150,3,150,75,150,1482,59,37
I_150_75_150,3,150,75,150,1486,60,38
I_150_75_150,3,150,75,150,1555,61,13
I_150_75_150,3,150,75,150,1524,62,19
I_150_75_150,3,150,75,150,1512,63,34
I_150_75_150,3,150,75,150,1495,64,7
I_150_75_150,3,150,75,150,1500,65,25
I_150_75_150,3,150,75,150,1489,66,7
I_150_75_150,3,150,75,150,1515,67,9
I_150_75_150,3,150,75,150,1487,68,11
I_150_75_150,3,150,75,150,1494,69,50
I_150_75_150,3,150,75,150,1479,70,78
I_150_75_150,3,150,75,150,1469,71,21
I_150_75_150,3,150,75,150,1459,72,12
I_150_75_150,3,150,75,150,1491,73,45
I_150_75_150,3,150,75,150,1433,74,99
I_150_75_150,3,150,75,150,1477,75,53
I_150_75_150,3,150,75,150,1483,76,24
I_150_75_150,3,150,75,150,1601,77,12
I_150_75_150,3,150,75,150,1508,78,21
I_150_75_150,3,150,75,150,1522,79,8
I_150_75_150,3,150,75,150,1499,80,32
I_150_75_150,3,150,75,150,1520,81,10
I_150_75_150,3,150,75,150,1495,82,13
I_150_75_150,3,150,75,150,1462,83,44
I_150_75_150,3,150,75,150,1523,84,41
I_150_75_150,3,150,75,150,1497,85,11
I_150_75_150,3,150,75,150,1476,86,20
I_150_75_150,3,150,75,150,1450,87,37
I_150_75_150,3,150,75,150,1520,88,7
I_150_75_150,3,150,75,150,1458,89,29
I_150_75_150,3,150,75,150,1531,90,17
I_150_75_150,3,150,75,150,1486,91,9
I_150_75_150,3,150,75,150,1478,92,8
I_150_75_150,3,150,75,150,1416,93,12
I_150_75_150,3,150,75,150,1494,94,65
I_150_75_150,3,150,75,150,1457,95,38
I_150_75_150,3,150,75,150,1527,96,16
I_150_75_150,3,150,75,150,1490,97,45
I_150_75_150,3,150,75,150,1556,98,48
I_150_75_150,3,150,75,150,1542,99,25
I_150_75_150,3,150,75,150,1505,100,9
I_150_75_150,3,150,75,150,1464,101,8
I_150_75_150,3,150,75,150,1438,102,33
I_150_75_150,3,150,75,150,1557,103,78
I_150_75_150,3,150,75,150,1567,104,15
I_150_75_150,3,150,75,150,1580,105,12
I_150_75_150,3,150,75,150,1591,106,13
I_150_75_150,3,150,75,150,1526,107,13
I_150_75_150,3,150,75,150,1453,108,45
I_150_75_150,3,150,75,150,1490,109,21
I_150_75_150,3,150,75,150,1506,110,34
I_150_75_150,3,150,75,150,1472,111,55
I_150_75_150,3,150,75,150,1583,112,41
I_150_75_150,3,150,75,150,1488,113,25
I_150_75_150,3,150,75,150,1485,114,61
I_150_75_150,3,150,75,150,1521,115,53
I_150_75_150,3,150,75,150,1494,116,76
I_150_75_150,3,150,75,150,1429,117,11
I_150_75_150,3,150,75,150,1461,118,31
I_150_75_150,3,150,75,150,1510,119,23
I_150_75_150,3,150,75,150,1507,120,23
I_150_75_150,3,150,75,150,1451,121,9
I_150_75_150,3,150,75,150,1533,122,17
I_150_75_150,3,150,75,150,1524,123,15
I_150_75_150,3,150,75,150,1582,124,7
I_150_75_150,3,150,75,150,1531,125,9
I_150_75_150,3,150,75,150,1572,126,11
I_150_75_150,3,150,75,150,1573,127,28
I_150_75_150,3,150,75,150,1504,128,12
I_150_75_150,3,150,75,150,1536,129,12
I_150_75_150,3,150,75,150,1551,130,56
I_150_75_150,3,150,75,150,1497,131,41
I_150_75_150,3,150,75,150,1510,132,37
I_150_75_150,3,150,75,150,1534,133,7
I_150_75_150,3,150,75,150,1531,134,25
I_150_75_150,3,150,75,150,1524,135,82
I_150_75_150,3,150,75,150,1446,136,13
I_150_75_150,3,150,75,150,1556,137,33
I_150_75_150,3,150,75,150,1463,138,20
I_150_75_150,3,150,75,150,1473,139,23
I_150_75_150,3,150,75,150,1456,140,10
I_150_75_150,3,150,75,150,1475,141,31
I_150_75_150,3,150,75,150,1541,142,55
I_150_75_150,3,150,75,150,1535,143,18
I_150_75_150,3,150,75,150,1609,144,26
I_150_75_150,3,150,75,150,1488,145,42
I_150_75_150,3,150,75,150,1412,146,30
I_150_75_150,3,150,75,150,1457,147,12
I_150_75_150,3,150,75,150,1485,148,78
I_150_75_150,3,150,75,150,1439,149,12
I_150_75_150,3,150,75,150,1494,150,62
I_150_75_150,3,150,75,150,1508,151,7
I_150_75_150,3,150,75,150,1523,152,10
I_150_75_150,3,150,75,150,1469,153,6
I_150_75_150,3,150,75,150,1481,154,30
I_150_75_150,3,150,75,150,1409,155,17
I_150_75_150,3,150,75,150,1461,156,17
I_150_75_150,3,150,75,150,1479,157,33
I_150_75_150,3,150,75,150,1508,158,7
I_150_75_150,3,150,75,150,1514,159,17
I_150_75_150,3,150,75,150,1544,160,49
I_150_75_150,3,150,75,150,1523,161,52
I_150_75_150,3,150,75,150,1565,162,20
I_150_75_150,3,150,75,150,1499,163,28
I_150_75_150,3,150,75,150,1402,164,40
I_150_75_150,3,150,75,150,1494,165,15
I_150_75_150,3,150,75,150,1492,166,11
I_150_75_150,3,150,75,150,1567,167,34
I_150_75_150,3,150,75,150,1520,168,7
I_150_75_150,3,150,75,150,1451,169,14
I_150_75_150,3,150,75,150,1562,170,9
I_150_75_150,3,150,75,150,1455,171,45
I_150_75_150,3,150,75,150,1505,172,37
I_150_75_150,3,150,75,150,1482,173,45
I_150_75_150,3,150,75,150,1446,174,48
I_150_75_150,3,150,75,150,1486,175,6
I_150_75_150,3,150,75,150,1485,176,24
I_150_75_150,3,150,75,150,1510,177,20
I_150_75_150,3,150,75,150,1518,178,9
I_150_75_150,3,150,75,150,1527,179,27
I_150_75_150,3,150,75,150,1499,180,40
I_150_75_150,3,150,75,150,1499,181,54
I_150_75_150,3,150,75,150,1519,182,9
I_150_75_150,3,150,75,150,1500,183,96
I_150_75_150,3,150,75,150,1472,184,18
I_150_75_150,3,150,75,150,1491,185,8
I_150_75_150,3,150,75,150,1599,186,18
I_150_75_150,3,150,75,150,1434,187,7
I_150_75_150,3,150,75,150,1454,188,39
I_150_75_150,3,150,75,150,1504,189,77
I_150_75_150,3,150,75,150,1470,190,59
I_150_75_150,3,150,75,150,1572,191,11
I_150_75_150,3,150,75,150,1480,192,11
I_150_75_150,3,150,75,150,1543,193,15
I_150_75_150,3,150,75,150,1534,194,13
I_150_75_150,3,150,75,150,1463,195,18
I_150_75_150,3,150,75,150,1538,196,9
I_150_75_150,3,150,75,150,1544,197,7
I_150_75_150,3,150,75,150,1464,198,18
I_150_75_150,3,150,75,150,1509,199,43
I_200_200_50,3,200,200,50,508,0,17
I_200_200_50,3,200,200,50,521,1,10
I_200_200_50,3,200,200,50,495,2,35
I_200_200_50,3,200,200,50,514,3,23
I_200_200_50,3,200,200,50,491,4,9
I_200_200_50,3,200,200,50,489,5,22
I_200_200_50,3,200,200,50,486,6,13
I_200_200_50,3,200,200,50,484,7,23
I_200_200_50,3,200,200,50,514,8,13
I_200_200_50,3,200,200,50,492,9,17
I_200_200_50,3,200,200,50,486,10,9
I_200_200_50,3,200,200,50,503,11,12
I_200_200_50,3,200,200,50,476,12,9
I_200_200_50,3,200,200,50,479,13,24
I_200_200_50,3,200,200,50,509,14,10
I_200_200_50,3,200,200,50,491,15,10
I_200_200_50,3,200,200,50,487,16,29
I_200_200_50,3,200,200,50,521,17,21
I_200_200_50,3,200,200,50,515,18,21
I_200_200_50,3,200,200,50,492,19,13
I_200_200_50,3,200,200,50,520,20,16
I_200_200_50,3,200,200,50,475,21,16
I_200_200_50,3,200,200,50,546,22,10
I_200_200_50,3,200,200,50,476,23,10
I_200_200_50,3,200,200,50,520,24,49
I_200_200_50,3,200,200,50,558,25,10
I_200_200_50,3,200,200,50,484,26,27
I_200_200_50,3,200,200,50,522,27,21
I_200_200_50,3,200,200,50,506,28,22
I_200_200_50,3,200,200,50,536,29,56
I_200_200_50,3,200,200,50,509,30,11
I_200_200_50,3,200,200,50,552,31,28
I_200_200_50,3,200,200,50,542,32,10
I_200_200_50,3,200,200,50,486,33,35
I_200_200_50,3,200,200,50,482,34,21
I_200_200_50,3,200,200,50,494,35,14
I_200_200_50,3,200,200,50,487,36,38
I_200_200_50,3,200,200,50,526,37,16
I_200_200_50,3,200,200,50,508,38,11
I_200_200_50,3,200,200,50,498,39,10
I_200_200_50,3,200,200,50,525,40,14
I_200_200_50,3,200,200,50,499,41,22
I_200_200_50,3,200,200,50,511,42,18
I_200_200_50,3,200,200,50,502,43,10
I_200_200_50,3,200,200,50,504,44,19
I_200_200_50,3,200,200,50,544,45,10
I_200_200_50,3,200,200,50,534,46,12
I_200_200_50,3,200,200,50,512,47,26
I_200_200_50,3,200,200,50,493,48,29
I_200_200_50,3,200,200,50,486,49,15
I_200_200_50,3,200,200,50,504,50,24
I_200_200_50,3,200,200,50,486,51,14
I_200_200_50,3,200,200,50,507,52,10
I_200_200_50,3,200,200,50,511,53,24
I_200_200_50,3,200,200,50,506,54,15
I_200_200_50,3,200,200,50,471,55,17
I_200_200_50,3,200,200,50,481,56,14
I_200_200_50,3,200,200,50,565,57,33
I_200_200_50,3,200,200,50,497,58,15
I_200_200_50,3,200,200,50,491,59,11
I_200_200_50,3,200,200,50,516,60,18
I_200_200_50,3,200,200,50,478,61,10
I_200_200_50,3,200,200,50,515,62,11
I_200_200_50,3,200,200,50,522,63,10
I_200_200_50,3,200,200,50,488,64,12
I_200_200_50,3,200,200,50,486,65,10
I_200_200_50,3,200,200,50,518,66,10
I_200_200_50,3,200,200,50,487,67,21
I_200_200_50,3,200,200,50,530,68,17
I_200_200_50,3,200,200,50,513,69,11
I_200_200_50,3,200,200,50,499,70,29
I_200_200_50,3,200,200,50,493,71,10
I_200_200_50,3,200,200,50,455,72,45
I_200_200_50,3,200,200,50,532,73,22
I_200_200_50,3,200,200,50,512,74,11
I_200_200_50,3,200,200,50,513,75,10
I_200_200_50,3,200,200,50,523,76,12
I_200_200_50,3,200,200,50,493,77,12
I_200_200_50,3,200,200,50,499,78,27
I_200_200_50,3,200,200,50,501,79,18
I_200_200_50,3,200,200,50,522,80,15
I_200_200_50,3,200,200,50,483,81,13
I_200_200_50,3,200,200,50,519,82,17
I_200_200_50,3,200,200,50,484,83,43
I_200_200_50,3,200,200,50,477,84,13
I_200_200_50,3,200,200,50,497,85,11
I_200_200_50,3,200,200,50,519,86,10
I_200_200_50,3,200,200,50,478,87,26
I_200_200_50,3,200,200,50,474,88,23
I_200_200_50,3,200,200,50,494,89,17
I_200_200_50,3,200,200,50,498,90,42
I_200_200_50,3,200,200,50,507,91,10
I_200_200_50,3,200,200,50,509,92,15
I_200_200_50,3,200,200,50,504,93,13
I_200_200_50,3,200,200,50,501,94,16
I_200_200_50,3,200,200,50,515,95,20
I_200_200_50,3,200,200,50,500,96,22
I_200_200_50,3,200,200,50,489,97,10
I_200_200_50,3,200,200,50,441,98,17
I_200_200_50,3,200,200,50,505,99,28
I_200_200_50,3,200,200,50,493,100,12
I_200_200_50,3,200,200,50,479,101,69
I_200_200_50,3,200,200,50,517,102,12
I_200_200_50,3,200,200,50,488,103,18
I_200_200_50,3,200,200,50,517,104,32
I_200_200_50,3,200,200,50,544,105,36
I_200_200_50,3,200,200,50,492,106,10
I_200_200_50,3,200,200,50,510,107,12
I_200_200_50,3,200,200,50,491,108,13
I_200_200_50,3,200,200,50,540,109,29
I_200_200_50,3,200,200,50,498,110,14
I_200_200_50,3,200,200,50,506,111,12
I_200_200_50,3,200,200,50,473,112,11
I_200_200_50,3,200,200,50,529,113,14
I_200_200_50,3,200,200,50,499,114,18
I_200_200_50,3,200,200,50,497,115,19
I_200_200_50,3,200,200,50,440,116,10
I_200_200_50,3,200,200,50,552,117,22
I_200_200_50,3,200,200,50,506,118,16
I_200_200_50,3,200,200,50,501,119,47
I_200_200_50,3,200,200,50,483,120,11
I_200_200_50,3,200,200,50,516,121,23
I_200_200_50,3,200,200,50,487,122,10
I_200_200_50,3,200,200,50,511,123,34
I_200_200_50,3,200,200,50,465,124,20
I_200_200_50,3,200,200,50,477,125,15
I_200_200_50,3,200,200,50,542,126,33
I_200_200_50,3,200,200,50,525,127,12
I_200_200_50,3,200,200,50,468,128,13
I_200_200_50,3,200,200,50,508,129,11
I_200_200_50,3,200,200,50,482,130,17
I_200_200_50,3,200,200,50,470,131,18
I_200_200_50,3,200,200,50,488,132,11
I_200_200_50,3,200,200,50,474,133,16
I_200_200_50,3,200,200,50,478,134,18
I_200_200_50,3,200,200,50,476,135,10
I_200_200_50,3,200,200,50,521,136,25
I_200_200_50,3,200,200,50,503,137,10
I_200_200_50,3,200,200,50,527,138,23
I_200_200_50,3,200,200,50,512,139,12
I_200_200_50,3,200,200,50,508,140,34
I_200_200_50,3,200,200,50,486,141,18
I_200_200_50,3,200,200,50,462,142,24
I_200_200_50,3,200,200,50,445,143,19
I_200_200_50,3,200,200,50,517,144,13
I_200_200_50,3,200,200,50,481,145,14
I_200_200_50,3,200,200,50,468,146,22
I_200_200_50,3,200,200,50,537,147,11
I_200_200_50,3,200,200,50,522,148,15
I_200_200_50,3,200,200,50,508,149,10
I_200_200_50,3,200,200,50,491,150,26
I_200_200_50,3,200,200,50,538,151,10
I_200_200_50,3,200,200,50,493,152,12
I_200_200_50,3,200,200,50,508,153,11
I_200_200_50,3,200,200,50,521,154,32
I_200_200_50,3,200,200,50,501,155,16
I_200_200_50,3,200,200,50,491,156,12
I_200_200_50,3,200,200,50,491,157,11
I_200_200_50,3,200,200,50,520,158,23
I_200_200_50,3,200,200,50,512,159,40
I_200_200_50,3,200,200,50,485,160,10
I_200_200_50,3,200,200,50,501,161,56
I_200_200_50,3,200,200,50,520,162,17
I_200_200_50,3,200,200,50,508,163,17
I_200_200_50,3,200,200,50,470,164,18
I_200_200_50,3,200,200,50,484,165,16
I_200_200_50,3,200,200,50,474,166,16
I_200_200_50,3,200,200,50,509,167,13
I_200_200_50,3,200,200,50,494,168,25
I_200_200_50,3,200,200,50,508,169,13
I_200_200_50,3,200,200,50,488,170,25
I_200_200_50,3,200,200,50,453,171,28
I_200_200_50,3,200,200,50,500,172,20
I_200_200_50,3,200,200,50,522,173,16
I_200_200_50,3,200,200,50,498,174,12
I_200_200_50,3,200,200,50,527,175,12
I_200_200_50,3,200,200,50,514,176,15
I_200_200_50,3,200,200,50,518,177,13
I_200_200_50,3,200,200,50,532,178,41
I_200_200_50,3,200,200,50,508,179,13
I_200_200_50,3,200,200,50,530,180,17
I_200_200_50,3,200,200,50,517,181,11
I_200_200_50,3,200,200,50,516,182,13
I_200_200_50,3,200,200,50,488,183,14
I_200_200_50,3,200,200,50,480,184,16
I_200_200_50,3,200,200,50,499,185,20
I_200_200_50,3,200,200,50,493,186,16
I_200_200_50,3,200,200,50,537,187,10
I_200_200_50,3,200,200,50,443,188,19
I_200_200_50,3,200,200,50,511,189,17
I_200_200_50,3,200,200,50,540,190,18
I_200_200_50,3,200,200,50,505,191,10
I_200_200_50,3,200,200,50,478,192,10
I_200_200_50,3,200,200,50,485,193,27
I_200_200_50,3,200,200,50,473,194,16
I_200_200_50,3,200,200,50,510,195,30
I_200_200_50,3,200,200,50,535,196,17
I_200_200_50,3,200,200,50,501,197,12
I_200_200_50,3,200,200,50,490,198,10
I_200_200_50,3,200,200,50,520,199,23
I_100_200_100,3,100,200,100,1024,0,9
I_100_200_100,3,100,200,100,1034,1,26
I_100_200_100,3,100,200,100,1009,2,17
I_100_200_100,3,100,200,100,953,3,20
I_100_200_100,3,100,200,100,1001,4,28
I_100_200_100,3,100,200,100,984,5,72
I_100_200_100,3,100,200,100,930,6,30
I_100_200_100,3,100,200,100,1043,7,14
I_100_200_100,3,100,200,100,989,8,21
I_100_200_100,3,100,200,100,1020,9,16
I_100_200_100,3,100,200,100,958,10,14
I_100_200_100,3,100,200,100,981,11,15
I_100_200_100,3,100,200,100,1005,12,23
I_100_200_100,3,100,200,100,994,13,9
I_100_200_100,3,100,200,100,1019,14,29
I_100_200_100,3,100,200,100,962,15,9
I_100_200_100,3,100,200,100,997,16,34
I_100_200_100,3,100,200,100,999,17,45
I_100_200_100,3,100,200,100,994,18,8
I_100_200_100,3,100,200,100,964,19,14
I_100_200_100,3,100,200,100,989,20,14
I_100_200_100,3,100,200,100,984,21,9
I_100_200_100,3,100,200,100,979,22,41
I_100_200_100,3,100,200,100,1023,23,29
I_100_200_100,3,100,200,100,1067,24,48
I_100_200_100,3,100,200,100,1016,25,41
I_100_200_100,3,100,200,100,1011,26,60
I_100_200_100,3,100,200,100,982,27,29
I_100_200_100,3,100,200,100,969,28,14
I_100_200_100,3,100,200,100,1010,29,21
I_100_200_100,3,100,200,100,1039,30,13
I_100_200_100,3,100,200,100,1028,31,42
I_100_200_100,3,100,200,100,944,32,8
I_100_200_100,3,100,200,100,967,33,47
I_100_200_100,3,100,200,100,952,34,22
I_100_200_100,3,100,200,100,994,35,10
I_100_200_100,3,100,200,100,1022,36,8
I_100_200_100,3,100,200,100,1039,37,28
I_100_200_100,3,100,200,100,1010,38,43
I_100_200_100,3,100,200,100,957,39,25
I_100_200_100,3,100,200,100,970,40,49
I_100_200_100,3,100,200,100,968,41,42
I_100_200_100,3,100,200,100,984,42,15
I_100_200_100,3,100,200,100,948,43,68
I_100_200_100,3,100,200,100,1026,44,10
I_100_200_100,3,100,200,100,1007,45,10
I_100_200_100,3,100,200,100,1064,46,12
I_100_200_100,3,100,200,100,997,47,33
I_100_200_100,3,100,200,100,974,48,15
I_100_200_100,3,100,200,100,967,49,29
I_100_200_100,3,100,200,100,967,50,17
I_100_200_100,3,100,200,100,991,51,32
I_100_200_100,3,100,200,100,1049,52,22
I_100_200_100,3,100,200,100,973,53,48
I_100_200_100,3,100,200,100,1011,54,24
I_100_200_100,3,100,200,100,966,55,10
I_100_200_100,3,100,200,100,989,56,12
I_100_200_100,3,100,200,100,983,57,40
I_100_200_100,3,100,200,100,967,58,8
I_100_200_100,3,100,200,100,987,59,10
I_100_200_100,3,100,200,100,1037,60,31
I_100_200_100,3,100,200,100,982,61,9
I_100_200_100,3,100,200,100,1018,62,33
I_100_200_100,3,100,200,100,998,63,9
I_100_200_100,3,100,200,100,1017,64,18
I_100_200_100,3,100,200,100,1006,65,10
I_100_200_100,3,100,200,100,1017,66,8
I_100_200_100,3,100,200,100,975,67,13
I_100_200_100,3,100,200,100,982,68,19
I_100_200_100,3,100,200,100,1035,69,37
I_100_200_100,3,100,200,100,1025,70,8
I_100_200_100,3,100,200,100,984,71,56
I_100_200_100,3,100,200,100,979,72,8
I_100_200_100,3,100,200,100,980,73,10
I_100_200_100,3,100,200,100,1000,74,13
I_100_200_100,3,100,200,100,994,75,24
I_100_200_100,3,100,200,100,1031,76,15
I_100_200_100,3,100,200,100,1013,77,22
I_100_200_100,3,100,200,100,1033,78,30
I_100_200_100,3,100,200,100,1044,79,23
I_100_200_100,3,100,200,100,981,80,8
I_100_200_100,3,100,200,100,990,81,8
I_100_200_100,3,100,200,100,1017,82,20
I_100_200_100,3,100,200,100,999,83,63
I_100_200_100,3,100,200,100,1035,84,24
I_100_200_100,3,100,200,100,978,85,13
I_100_200_100,3,100,200,100,975,86,16
I_100_200_100,3,100,200,100,970,87,16
I_100_200_100,3,100,200,100,1016,88,13
I_100_200_100,3,100,200,100,971,89,22
I_100_200_100,3,100,200,100,992,90,45
I_100_200_100,3,100,200,100,980,91,20
I_100_200_100,3,100,200,100,1009,92,11
I_100_200_100,3,100,200,100,991,93,76
I_100_200_100,3,100,200,100,1005,94,13
I_100_200_100,3,100,200,100,1067,95,81
I_100_200_100,3,100,200,100,955,96,16
I_100_200_100,3,100,200,100,1011,97,11
I_100_200_100,3,100,200,100,1051,98,14
I_100_200_100,3,100,200,100,995,99,17
I_100_200_100,3,100,200,100,994,100,20
I_100_200_100,3,100,200,100,958,101,91
I_100_200_100,3,100,200,100,978,102,19
I_100_200_100,3,100,200,100,1114,103,50
I_100_200_100,3,100,200,100,962,104,31
I_100_200_100,3,100,200,100,972,105,9
I_100_200_100,3,100,200,100,970,106,14
I_100_200_100,3,100,200,100,1001,107,8
I_100_200_100,3,100,200,100,1015,108,8
I_100_200_100,3,100,200,100,1002,109,28
I_100_200_100,3,100,200,100,964,110,10
I_100_200_100,3,100,200,100,1028,111,34
I_100_200_100,3,100,200,100,991,112,9
I_100_200_100,3,100,200,100,964,113,29
I_100_200_100,3,100,200,100,1006,114,41
I_100_200_100,3,100,200,100,1040,115,11
I_100_200_100,3,100,200,100,1002,116,11
I_100_200_100,3,100,200,100,1051,117,10
I_100_200_100,3,100,200,100,1019,118,7
I_100_200_100,3,100,200,100,963,119,9
I_100_200_100,3,100,200,100,959,120,39
I_100_200_100,3,100,200,100,985,121,26
I_100_200_100,3,100,200,100,1035,122,38
I_100_200_100,3,100,200,100,909,123,15
I_100_200_100,3,100,200,100,1056,124,11
I_100_200_100,3,100,200,100,1022,125,60
I_100_200_100,3,100,200,100,957,126,11
I_100_200_100,3,100,200,100,1023,127,15
I_100_200_100,3,100,200,100,975,128,31
I_100_200_100,3,100,200,100,1068,129,8
I_100_200_100,3,100,200,100,947,130,40
I_100_200_100,3,100,200,100,994,131,18
I_100_200_100,3,100,200,100,958,132,14
I_100_200_100,3,100,200,100,987,133,14
I_100_200_100,3,100,200,100,1012,134,7
I_100_200_100,3,100,200,100,989,135,15
I_100_200_100,3,100,200,100,958,136,27
I_100_200_100,3,100,200,100,1019,137,70
I_100_200_100,3,100,200,100,1035,138,9
I_100_200_100,3,100,200,100,923,139,27
I_100_200_100,3,100,200,100,1035,140,59
I_100_200_100,3,100,200,100,1029,141,18
I_100_200_100,3,100,200,100,999,142,8
I_100_200_100,3,100,200,100,1039,143,41
I_100_200_100,3,100,200,100,1019,144,55
I_100_200_100,3,100,200,100,962,145,32
I_100_200_100,3,100,200,100,1053,146,24
I_100_200_100,3,100,200,100,1005,147,14
I_100_200_100,3,100,200,100,1013,148,8
I_100_200_100,3,100,200,100,1037,149,29
I_100_200_100,3,100,200,100,993,150,12
I_100_200_100,3,100,200,100,1010,151,14
I_100_200_100,3,100,200,100,1036,152,14
I_100_200_100,3,100,200,100,975,153,37
I_100_200_100,3,100,200,100,1031,154,66
I_100_200_100,3,100,200,100,1003,155,10
I_100_200_100,3,100,200,100,993,156,31
I_100_200_100,3,100,200,100,1078,157,62
I_100_200_100,3,100,200,100,995,158,16
I_100_200_100,3,100,200,100,1011,159,22
I_100_200_100,3,100,200,100,983,160,14
I_100_200_100,3,100,200,100,984,161,28
I_100_200_100,3,100,200,100,1018,162,116
I_100_200_100,3,100,200,100,953,163,21
I_100_200_100,3,100,200,100,988,164,19
I_100_200_100,3,100,200,100,991,165,32
I_100_200_100,3,100,200,100,978,166,9
I_100_200_100,3,100,200,100,996,167,22
I_100_200_100,3,100,200,100,1012,168,16
I_100_200_100,3,100,200,100,1019,169,22
I_100_200_100,3,100,200,100,1034,170,41
I_100_200_100,3,100,200,100,1040,171,28
I_100_200_100,3,100,200,100,985,172,12
I_100_200_100,3,100,200,100,942,173,13
I_100_200_100,3,100,200,100,1053,174,8
I_100_200_100,3,100,200,100,936,175,41
I_100_200_100,3,100,200,100,1014,176,40
I_100_200_100,3,100,200,100,1085,177,100
I_100_200_100,3,100,200,100,1053,178,44
I_100_200_100,3,100,200,100,962,179,7
I_100_200_100,3,100,200,100,1018,180,19
I_100_200_100,3,100,200,100,1051,181,17
I_100_200_100,3,100,200,100,959,182,33
I_100_200_100,3,100,200,100,959,183,8
I_100_200_100,3,100,200,100,1018,184,32
I_100_200_100,3,100,200,100,992,185,16
I_100_200_100,3,100,200,100,966,186,23
I_100_200_100,3,100,200,100,908,187,19
I_100_200_100,3,100,200,100,1018,188,11
I_100_200_100,3,100,200,100,939,189,19
I_100_200_100,3,100,200,100,1018,190,13
I_100_200_100,3,100,200,100,938,191,8
I_100_200_100,3,100,200,100,1009,192,13
I_100_200_100,3,100,200,100,998,193,21
I_100_200_100,3,100,200,100,962,194,15
I_100_200_100,3,100,200,100,950,195,46
I_100_200_100,3,100,200,100,992,196,24
I_100_200_100,3,100,200,100,940,197,37
I_100_200_100,3,100,200,100,987,198,57
I_100_200_100,3,100,200,100,1020,199,27
