I,S,var_fixed,time
"(np.int64(40), np.int64(70), np.int64(90))",3,False,123
"(np.int64(40), np.int64(70), np.int64(90))",3,False,481
"(np.int64(40), np.int64(70), np.int64(90))",3,False,337
"(np.int64(40), np.int64(70), np.int64(90))",3,False,63
"(np.int64(40), np.int64(70), np.int64(90))",3,False,397
"(np.int64(40), np.int64(70), np.int64(90))",3,False,18
"(np.int64(40), np.int64(70), np.int64(90))",3,False,57
"(np.int64(40), np.int64(70), np.int64(90))",3,False,276
"(np.int64(40), np.int64(70), np.int64(90))",3,False,265
"(np.int64(40), np.int64(70), np.int64(90))",3,False,102
"(np.int64(40), np.int64(70), np.int64(90))",5,False,34
"(np.int64(40), np.int64(70), np.int64(90))",5,False,21
"(np.int64(40), np.int64(70), np.int64(90))",5,False,47
"(np.int64(40), np.int64(70), np.int64(90))",5,False,70
"(np.int64(40), np.int64(70), np.int64(90))",5,False,55
"(np.int64(40), np.int64(70), np.int64(90))",5,False,27
"(np.int64(40), np.int64(70), np.int64(90))",5,False,134
"(np.int64(40), np.int64(70), np.int64(90))",5,False,61
"(np.int64(40), np.int64(70), np.int64(90))",5,False,87
"(np.int64(40), np.int64(70), np.int64(90))",5,False,107
"(np.int64(80), np.int64(140), np.int64(180))",3,False,188
"(np.int64(80), np.int64(140), np.int64(180))",3,False,109
"(np.int64(80), np.int64(140), np.int64(180))",3,False,277
"(np.int64(80), np.int64(140), np.int64(180))",3,False,35
"(np.int64(80), np.int64(140), np.int64(180))",3,False,144
"(np.int64(80), np.int64(140), np.int64(180))",3,False,37
"(np.int64(80), np.int64(140), np.int64(180))",3,False,332
"(np.int64(80), np.int64(140), np.int64(180))",3,False,90
"(np.int64(80), np.int64(140), np.int64(180))",3,False,499
"(np.int64(80), np.int64(140), np.int64(180))",3,False,196
"(np.int64(80), np.int64(140), np.int64(180))",5,False,176
"(np.int64(80), np.int64(140), np.int64(180))",5,False,242
"(np.int64(80), np.int64(140), np.int64(180))",5,False,279
"(np.int64(80), np.int64(140), np.int64(180))",5,False,58
"(np.int64(80), np.int64(140), np.int64(180))",5,False,205
"(np.int64(80), np.int64(140), np.int64(180))",5,False,114
"(np.int64(80), np.int64(140), np.int64(180))",5,False,100
"(np.int64(80), np.int64(140), np.int64(180))",5,False,223
"(np.int64(80), np.int64(140), np.int64(180))",5,False,94
"(np.int64(80), np.int64(140), np.int64(180))",5,False,39
"(np.int64(120), np.int64(210), np.int64(270))",3,False,496
"(np.int64(120), np.int64(210), np.int64(270))",3,False,305
"(np.int64(120), np.int64(210), np.int64(270))",3,False,29
"(np.int64(120), np.int64(210), np.int64(270))",3,False,117
"(np.int64(120), np.int64(210), np.int64(270))",3,False,135
"(np.int64(120), np.int64(210), np.int64(270))",3,False,171
"(np.int64(120), np.int64(210), np.int64(270))",3,False,76
"(np.int64(120), np.int64(210), np.int64(270))",3,False,115
"(np.int64(120), np.int64(210), np.int64(270))",3,False,66
"(np.int64(120), np.int64(210), np.int64(270))",3,False,499
"(np.int64(120), np.int64(210), np.int64(270))",5,False,95
"(np.int64(120), np.int64(210), np.int64(270))",5,False,88
"(np.int64(120), np.int64(210), np.int64(270))",5,False,73
"(np.int64(120), np.int64(210), np.int64(270))",5,False,388
"(np.int64(120), np.int64(210), np.int64(270))",5,False,197
"(np.int64(120), np.int64(210), np.int64(270))",5,False,221
"(np.int64(120), np.int64(210), np.int64(270))",5,False,246
"(np.int64(120), np.int64(210), np.int64(270))",5,False,63
"(np.int64(120), np.int64(210), np.int64(270))",5,False,282
"(np.int64(120), np.int64(210), np.int64(270))",5,False,331
"(np.int64(200), np.int64(350), np.int64(450))",3,False,99
"(np.int64(200), np.int64(350), np.int64(450))",3,False,176
"(np.int64(200), np.int64(350), np.int64(450))",3,False,499
"(np.int64(200), np.int64(350), np.int64(450))",3,False,499
"(np.int64(200), np.int64(350), np.int64(450))",3,False,453
"(np.int64(200), np.int64(350), np.int64(450))",3,False,364
"(np.int64(200), np.int64(350), np.int64(450))",3,False,491
"(np.int64(200), np.int64(350), np.int64(450))",3,False,398
"(np.int64(200), np.int64(350), np.int64(450))",3,False,86
"(np.int64(200), np.int64(350), np.int64(450))",3,False,281
"(np.int64(200), np.int64(350), np.int64(450))",5,False,499
"(np.int64(200), np.int64(350), np.int64(450))",5,False,144
"(np.int64(200), np.int64(350), np.int64(450))",5,False,168
"(np.int64(200), np.int64(350), np.int64(450))",5,False,274
"(np.int64(200), np.int64(350), np.int64(450))",5,False,90
"(np.int64(200), np.int64(350), np.int64(450))",5,False,185
"(np.int64(200), np.int64(350), np.int64(450))",5,False,66
"(np.int64(200), np.int64(350), np.int64(450))",5,False,64
"(np.int64(200), np.int64(350), np.int64(450))",5,False,105
"(np.int64(200), np.int64(350), np.int64(450))",5,False,72
"(np.int64(40), np.int64(70), np.int64(90))",20,False,24
"(np.int64(40), np.int64(70), np.int64(90))",20,False,54
"(np.int64(40), np.int64(70), np.int64(90))",20,False,152
"(np.int64(40), np.int64(70), np.int64(90))",20,False,114
"(np.int64(40), np.int64(70), np.int64(90))",20,False,114
"(np.int64(40), np.int64(70), np.int64(90))",20,False,30
"(np.int64(40), np.int64(70), np.int64(90))",20,False,9
"(np.int64(40), np.int64(70), np.int64(90))",20,False,25
"(np.int64(40), np.int64(70), np.int64(90))",20,False,73
"(np.int64(40), np.int64(70), np.int64(90))",20,False,51
"(np.int64(80), np.int64(140), np.int64(180))",20,False,56
"(np.int64(80), np.int64(140), np.int64(180))",20,False,118
"(np.int64(80), np.int64(140), np.int64(180))",20,False,49
"(np.int64(80), np.int64(140), np.int64(180))",20,False,63
"(np.int64(80), np.int64(140), np.int64(180))",20,False,123
"(np.int64(80), np.int64(140), np.int64(180))",20,False,25
"(np.int64(80), np.int64(140), np.int64(180))",20,False,347
"(np.int64(80), np.int64(140), np.int64(180))",20,False,383
"(np.int64(80), np.int64(140), np.int64(180))",20,False,40
"(np.int64(80), np.int64(140), np.int64(180))",20,False,78
"(np.int64(120), np.int64(210), np.int64(270))",20,False,206
"(np.int64(120), np.int64(210), np.int64(270))",20,False,126
"(np.int64(120), np.int64(210), np.int64(270))",20,False,101
"(np.int64(120), np.int64(210), np.int64(270))",20,False,176
"(np.int64(120), np.int64(210), np.int64(270))",20,False,38
"(np.int64(120), np.int64(210), np.int64(270))",20,False,31
"(np.int64(120), np.int64(210), np.int64(270))",20,False,419
"(np.int64(120), np.int64(210), np.int64(270))",20,False,100
"(np.int64(120), np.int64(210), np.int64(270))",20,False,93
"(np.int64(120), np.int64(210), np.int64(270))",20,False,42
"(np.int64(200), np.int64(350), np.int64(450))",20,False,73
"(np.int64(200), np.int64(350), np.int64(450))",20,False,66
"(np.int64(200), np.int64(350), np.int64(450))",20,False,231
"(np.int64(200), np.int64(350), np.int64(450))",20,False,127
"(np.int64(200), np.int64(350), np.int64(450))",20,False,229
"(np.int64(200), np.int64(350), np.int64(450))",20,False,65
"(np.int64(200), np.int64(350), np.int64(450))",20,False,65
"(np.int64(200), np.int64(350), np.int64(450))",20,False,349
"(np.int64(200), np.int64(350), np.int64(450))",20,False,79
"(np.int64(200), np.int64(350), np.int64(450))",20,False,352

