,t,dist,eps,I,coll,var
0,13.0,2252.3484869859335,0.002097513302633155,50,collapsed,free_v
1,14.0,2182.9387246723413,0.002097513302633155,50,collapsed,free_v
2,12.0,2517.9030678799336,0.002097513302633155,50,collapsed,free_v
3,12.0,2481.916947398763,0.002097513302633155,50,collapsed,free_v
4,12.0,2236.6837020159883,0.002097513302633155,50,collapsed,free_v
5,11.0,3379.3329137158617,0.002097513302633155,50,collapsed,free_v
6,21.0,2100.2972628535745,0.002097513302633155,50,collapsed,free_v
7,12.0,2280.2671833384584,0.002097513302633155,50,collapsed,free_v
8,14.0,2167.5079775164736,0.002097513302633155,50,collapsed,free_v
9,12.0,2029.1933335155666,0.002097513302633155,50,collapsed,free_v
10,10.0,2141.199137786168,0.002097513302633155,50,collapsed,free_v
11,15.0,2896.9740820851525,0.002097513302633155,50,collapsed,free_v
12,10.0,3860.009270946694,0.002097513302633155,50,collapsed,free_v
13,12.0,2205.634583787226,0.002097513302633155,50,collapsed,free_v
14,12.0,1966.4999876377917,0.002097513302633155,50,collapsed,free_v
15,11.0,2407.870670546757,0.002097513302633155,50,collapsed,free_v
16,13.0,2241.325551008681,0.002097513302633155,50,collapsed,free_v
17,12.0,2406.253349563236,0.002097513302633155,50,collapsed,free_v
18,11.0,30988.60474760843,0.002097513302633155,50,collapsed,free_v
19,12.0,2096.9476191463136,0.002097513302633155,50,collapsed,free_v
20,13.0,2661.536676106978,0.002097513302633155,50,collapsed,free_v
21,12.0,2140.62742415911,0.002097513302633155,50,collapsed,free_v
22,14.0,2879.79720388786,0.002097513302633155,50,collapsed,free_v
23,11.0,2131.2817833319104,0.002097513302633155,50,collapsed,free_v
24,13.0,2269.3201272690717,0.002097513302633155,50,collapsed,free_v
25,11.0,2490.0394949210927,0.002097513302633155,50,collapsed,free_v
26,11.0,2447.3544026869067,0.002097513302633155,50,collapsed,free_v
27,12.0,2278.3955331808434,0.002097513302633155,50,collapsed,free_v
28,12.0,2315.2555780962484,0.002097513302633155,50,collapsed,free_v
29,12.0,2047.3432288296076,0.002097513302633155,50,collapsed,free_v
30,12.0,2508.965556279901,0.002097513302633155,50,collapsed,free_v
31,12.0,2305.9004292399804,0.002097513302633155,50,collapsed,free_v
32,13.0,2560.548172604998,0.002097513302633155,50,collapsed,free_v
33,12.0,2278.5286469874814,0.002097513302633155,50,collapsed,free_v
34,12.0,2418.053135204464,0.002097513302633155,50,collapsed,free_v
35,16.0,2664.2524062625703,0.002097513302633155,50,collapsed,free_v
36,12.0,2138.484893489853,0.002097513302633155,50,collapsed,free_v
37,12.0,2322.337760332907,0.002097513302633155,50,collapsed,free_v
38,11.0,3321.9000616513545,0.002097513302633155,50,collapsed,free_v
39,11.0,2544.819226507809,0.002097513302633155,50,collapsed,free_v
40,13.0,2301.941526894187,0.002097513302633155,50,collapsed,free_v
41,11.0,2553.3077988290033,0.002097513302633155,50,collapsed,free_v
42,11.0,4056.760437750258,0.002097513302633155,50,collapsed,free_v
43,12.0,2827.0553292437125,0.002097513302633155,50,collapsed,free_v
44,12.0,10849.607407835936,0.002097513302633155,50,collapsed,free_v
45,10.0,2499.2258492574792,0.002097513302633155,50,collapsed,free_v
46,11.0,2227.333622418923,0.002097513302633155,50,collapsed,free_v
47,13.0,2388.876295927218,0.002097513302633155,50,collapsed,free_v
48,10.0,2030.8446719990964,0.002097513302633155,50,collapsed,free_v
49,13.0,2731.547376455594,0.002097513302633155,50,collapsed,free_v
50,11.0,2477.0169653730345,0.002097513302633155,50,collapsed,free_v
51,12.0,5864.187826412549,0.002097513302633155,50,collapsed,free_v
52,10.0,2116.4461301331053,0.002097513302633155,50,collapsed,free_v
53,12.0,2536.972349687935,0.002097513302633155,50,collapsed,free_v
54,13.0,2338.162217643505,0.002097513302633155,50,collapsed,free_v
55,12.0,2055.7066366126155,0.002097513302633155,50,collapsed,free_v
56,11.0,3369.5811120742806,0.002097513302633155,50,collapsed,free_v
57,12.0,1995.1782823864305,0.002097513302633155,50,collapsed,free_v
58,12.0,2115.353505422885,0.002097513302633155,50,collapsed,free_v
59,13.0,2319.076972016665,0.002097513302633155,50,collapsed,free_v
60,10.0,2279.275833408958,0.002097513302633155,50,collapsed,free_v
61,12.0,2387.3671812542966,0.002097513302633155,50,collapsed,free_v
62,14.0,2321.8458773677435,0.002097513302633155,50,collapsed,free_v
63,13.0,2427.0004621589164,0.002097513302633155,50,collapsed,free_v
64,12.0,2302.0564208035657,0.002097513302633155,50,collapsed,free_v
65,14.0,2746.401795895615,0.002097513302633155,50,collapsed,free_v
66,13.0,1977.6261278375214,0.002097513302633155,50,collapsed,free_v
67,12.0,2267.2584258304564,0.002097513302633155,50,collapsed,free_v
68,11.0,2215.757392619827,0.002097513302633155,50,collapsed,free_v
69,11.0,2319.376222309313,0.002097513302633155,50,collapsed,free_v
70,12.0,2223.4613702642573,0.002097513302633155,50,collapsed,free_v
71,12.0,1945.8364161720333,0.002097513302633155,50,collapsed,free_v
72,14.0,3155.6786499077602,0.002097513302633155,50,collapsed,free_v
73,11.0,2404.1879121270817,0.002097513302633155,50,collapsed,free_v
74,11.0,19364310848.192066,0.002097513302633155,50,collapsed,free_v
75,12.0,2312.9251819579417,0.002097513302633155,50,collapsed,free_v
76,13.0,2405.1375098933636,0.002097513302633155,50,collapsed,free_v
77,13.0,2891.922939227585,0.002097513302633155,50,collapsed,free_v
78,12.0,1830.0370553233465,0.002097513302633155,50,collapsed,free_v
79,12.0,1847.0307979284748,0.002097513302633155,50,collapsed,free_v
80,12.0,2428.8524298810885,0.002097513302633155,50,collapsed,free_v
81,12.0,2580.314319091982,0.002097513302633155,50,collapsed,free_v
82,15.0,2195.593538906753,0.002097513302633155,50,collapsed,free_v
83,11.0,2384.5510671477386,0.002097513302633155,50,collapsed,free_v
84,12.0,2479.0000921526084,0.002097513302633155,50,collapsed,free_v
85,12.0,2387.185763908288,0.002097513302633155,50,collapsed,free_v
86,12.0,8616.882638527431,0.002097513302633155,50,collapsed,free_v
87,12.0,1686.8128857263807,0.002097513302633155,50,collapsed,free_v
88,12.0,2342.4422891185727,0.002097513302633155,50,collapsed,free_v
89,11.0,8264.359755889847,0.002097513302633155,50,collapsed,free_v
90,11.0,2158.445581094474,0.002097513302633155,50,collapsed,free_v
91,13.0,1759.668933109825,0.002097513302633155,50,collapsed,free_v
92,12.0,2902.3169809327146,0.002097513302633155,50,collapsed,free_v
93,12.0,2372.411058053134,0.002097513302633155,50,collapsed,free_v
94,12.0,2288.603602540056,0.002097513302633155,50,collapsed,free_v
95,14.0,2056.424407421659,0.002097513302633155,50,collapsed,free_v
96,11.0,2110.550532330071,0.002097513302633155,50,collapsed,free_v
97,13.0,1904.0105911605388,0.002097513302633155,50,collapsed,free_v
98,11.0,2638.219481982876,0.002097513302633155,50,collapsed,free_v
99,12.0,3202.7818019578913,0.002097513302633155,50,collapsed,free_v
100,12.0,4799.342463294712,0.0010430981755654776,100,collapsed,free_v
101,13.0,4273.766989918859,0.0010430981755654776,100,collapsed,free_v
102,13.0,8619.062609525514,0.0010430981755654776,100,collapsed,free_v
103,13.0,5358.64535773161,0.0010430981755654776,100,collapsed,free_v
104,12.0,5706.435921737905,0.0010430981755654776,100,collapsed,free_v
105,12.0,5686.324070511709,0.0010430981755654776,100,collapsed,free_v
106,24.0,5057.1095939312245,0.0010430981755654776,100,collapsed,free_v
107,13.0,4740.277488168085,0.0010430981755654776,100,collapsed,free_v
108,13.0,4961.583657056335,0.0010430981755654776,100,collapsed,free_v
109,14.0,4137.581425307207,0.0010430981755654776,100,collapsed,free_v
110,12.0,4039.716029712739,0.0010430981755654776,100,collapsed,free_v
111,13.0,4604.337343140389,0.0010430981755654776,100,collapsed,free_v
112,14.0,4919.909140446056,0.0010430981755654776,100,collapsed,free_v
113,13.0,4615.14242360648,0.0010430981755654776,100,collapsed,free_v
114,12.0,4530.981497620627,0.0010430981755654776,100,collapsed,free_v
115,12.0,5121.419097193621,0.0010430981755654776,100,collapsed,free_v
116,13.0,4531.421573991185,0.0010430981755654776,100,collapsed,free_v
117,13.0,4673.980331183113,0.0010430981755654776,100,collapsed,free_v
118,16.0,8101.572844584489,0.0010430981755654776,100,collapsed,free_v
119,12.0,5448.862923123038,0.0010430981755654776,100,collapsed,free_v
120,12.0,5085.890101303686,0.0010430981755654776,100,collapsed,free_v
121,13.0,13656.663078935011,0.0010430981755654776,100,collapsed,free_v
122,12.0,4285.102553390397,0.0010430981755654776,100,collapsed,free_v
123,13.0,4415.324412211495,0.0010430981755654776,100,collapsed,free_v
124,13.0,4381.277914062321,0.0010430981755654776,100,collapsed,free_v
125,16.0,4360.614993253571,0.0010430981755654776,100,collapsed,free_v
126,15.0,4634.696031131412,0.0010430981755654776,100,collapsed,free_v
127,21.0,5438.612741338111,0.0010430981755654776,100,collapsed,free_v
128,22.0,3835.6996000666154,0.0010430981755654776,100,collapsed,free_v
129,12.0,3982.8315588846885,0.0010430981755654776,100,collapsed,free_v
130,13.0,4163.530440387612,0.0010430981755654776,100,collapsed,free_v
131,14.0,329477.59799347166,0.0010430981755654776,100,collapsed,free_v
132,14.0,5052.717735955056,0.0010430981755654776,100,collapsed,free_v
133,13.0,3710.4765540667654,0.0010430981755654776,100,collapsed,free_v
134,12.0,4606.490097981318,0.0010430981755654776,100,collapsed,free_v
135,14.0,7087.833808926689,0.0010430981755654776,100,collapsed,free_v
136,12.0,4643.4601419492565,0.0010430981755654776,100,collapsed,free_v
137,15.0,4843.181967780339,0.0010430981755654776,100,collapsed,free_v
138,12.0,5103.717784489615,0.0010430981755654776,100,collapsed,free_v
139,13.0,4563.585350963293,0.0010430981755654776,100,collapsed,free_v
140,12.0,5442.839069314293,0.0010430981755654776,100,collapsed,free_v
141,12.0,4793.618339527263,0.0010430981755654776,100,collapsed,free_v
142,13.0,4563.585350963293,0.0010430981755654776,100,collapsed,free_v
143,12.0,5442.839069314293,0.0010430981755654776,100,collapsed,free_v
144,12.0,4793.618339527263,0.0010430981755654776,100,collapsed,free_v
145,13.0,4563.585350963293,0.0010430981755654776,100,collapsed,free_v
146,12.0,5442.839069314293,0.0010430981755654776,100,collapsed,free_v
147,12.0,4793.618339527263,0.0010430981755654776,100,collapsed,free_v
148,13.0,4563.585350963293,0.0010430981755654776,100,collapsed,free_v
149,12.0,5442.839069314293,0.0010430981755654776,100,collapsed,free_v
150,12.0,4793.618339527263,0.0010430981755654776,100,collapsed,free_v
151,13.0,4563.585350963293,0.0010430981755654776,100,collapsed,free_v
152,12.0,5442.839069314293,0.0010430981755654776,100,collapsed,free_v
153,12.0,4793.618339527263,0.0010430981755654776,100,collapsed,free_v
154,13.0,4563.585350963293,0.0010430981755654776,100,collapsed,free_v
155,12.0,5442.839069314293,0.0010430981755654776,100,collapsed,free_v
156,12.0,4793.618339527263,0.0010430981755654776,100,collapsed,free_v
157,13.0,4563.585350963293,0.0010430981755654776,100,collapsed,free_v
158,12.0,5442.839069314293,0.0010430981755654776,100,collapsed,free_v
159,12.0,4793.618339527263,0.0010430981755654776,100,collapsed,free_v
160,13.0,4563.585350963293,0.0010430981755654776,100,collapsed,free_v
161,12.0,5442.839069314293,0.0010430981755654776,100,collapsed,free_v
162,12.0,4793.618339527263,0.0010430981755654776,100,collapsed,free_v
163,13.0,4563.585350963293,0.0010430981755654776,100,collapsed,free_v
164,12.0,5442.839069314293,0.0010430981755654776,100,collapsed,free_v
165,12.0,4793.618339527263,0.0010430981755654776,100,collapsed,free_v
166,13.0,4563.585350963293,0.0010430981755654776,100,collapsed,free_v
167,12.0,5442.839069314293,0.0010430981755654776,100,collapsed,free_v
168,12.0,4793.618339527263,0.0010430981755654776,100,collapsed,free_v
169,13.0,4563.585350963293,0.0010430981755654776,100,collapsed,free_v
170,12.0,5442.839069314293,0.0010430981755654776,100,collapsed,free_v
171,12.0,4793.618339527263,0.0010430981755654776,100,collapsed,free_v
172,13.0,4563.585350963293,0.0010430981755654776,100,collapsed,free_v
173,12.0,5442.839069314293,0.0010430981755654776,100,collapsed,free_v
174,12.0,4793.618339527263,0.0010430981755654776,100,collapsed,free_v
175,13.0,4563.585350963293,0.0010430981755654776,100,collapsed,free_v
176,12.0,5442.839069314293,0.0010430981755654776,100,collapsed,free_v
177,12.0,4793.618339527263,0.0010430981755654776,100,collapsed,free_v
178,13.0,4563.585350963293,0.0010430981755654776,100,collapsed,free_v
179,12.0,5442.839069314293,0.0010430981755654776,100,collapsed,free_v
180,12.0,4793.618339527263,0.0010430981755654776,100,collapsed,free_v
181,13.0,4563.585350963293,0.0010430981755654776,100,collapsed,free_v
182,12.0,5442.839069314293,0.0010430981755654776,100,collapsed,free_v
183,12.0,4793.618339527263,0.0010430981755654776,100,collapsed,free_v
184,13.0,4563.585350963293,0.0010430981755654776,100,collapsed,free_v
185,12.0,5442.839069314293,0.0010430981755654776,100,collapsed,free_v
186,12.0,4793.618339527263,0.0010430981755654776,100,collapsed,free_v
187,13.0,4563.585350963293,0.0010430981755654776,100,collapsed,free_v
188,12.0,5442.839069314293,0.0010430981755654776,100,collapsed,free_v
189,12.0,4793.618339527263,0.0010430981755654776,100,collapsed,free_v
190,13.0,4563.585350963293,0.0010430981755654776,100,collapsed,free_v
191,12.0,5442.839069314293,0.0010430981755654776,100,collapsed,free_v
192,12.0,4793.618339527263,0.0010430981755654776,100,collapsed,free_v
193,13.0,4563.585350963293,0.0010430981755654776,100,collapsed,free_v
194,12.0,5442.839069314293,0.0010430981755654776,100,collapsed,free_v
195,12.0,4793.618339527263,0.0010430981755654776,100,collapsed,free_v
196,13.0,4563.585350963293,0.0010430981755654776,100,collapsed,free_v
197,12.0,5442.839069314293,0.0010430981755654776,100,collapsed,free_v
198,12.0,4793.618339527263,0.0010430981755654776,100,collapsed,free_v
199,13.0,4563.585350963293,0.0010430981755654776,100,collapsed,free_v
200,14.0,9149.387813086605,0.0005077105654702737,200,collapsed,free_v
201,15.0,8407.043942331997,0.0005077105654702737,200,collapsed,free_v
202,16.0,10447.191608916624,0.0005077105654702737,200,collapsed,free_v
203,14.0,7590.051790862517,0.0005077105654702737,200,collapsed,free_v
204,16.0,9929.14137832125,0.0005077105654702737,200,collapsed,free_v
205,16.0,9711.807215075867,0.0005077105654702737,200,collapsed,free_v
206,16.0,9608.508655071199,0.0005077105654702737,200,collapsed,free_v
207,15.0,9661.740603828644,0.0005077105654702737,200,collapsed,free_v
208,18.0,8481.697203358419,0.0005077105654702737,200,collapsed,free_v
209,16.0,8867.789322391918,0.0005077105654702737,200,collapsed,free_v
210,16.0,10276.860572431127,0.0005077105654702737,200,collapsed,free_v
211,15.0,9010.065901644846,0.0005077105654702737,200,collapsed,free_v
212,16.0,121535.08053061439,0.0005077105654702737,200,collapsed,free_v
213,15.0,8933.659790209376,0.0005077105654702737,200,collapsed,free_v
214,19.0,1570831.7031893982,0.0005077105654702737,200,collapsed,free_v
215,16.0,9553.7597064097,0.0005077105654702737,200,collapsed,free_v
216,14.0,213831.47512908847,0.0005077105654702737,200,collapsed,free_v
217,15.0,8511.090861789171,0.0005077105654702737,200,collapsed,free_v
218,18.0,8145.796801098048,0.0005077105654702737,200,collapsed,free_v
219,14.0,9510.334098042518,0.0005077105654702737,200,collapsed,free_v
220,15.0,8827.918170086634,0.0005077105654702737,200,collapsed,free_v
221,16.0,8771.71969644155,0.0005077105654702737,200,collapsed,free_v
222,16.0,168886.43691670022,0.0005077105654702737,200,collapsed,free_v
223,18.0,8918.013207352365,0.0005077105654702737,200,collapsed,free_v
224,14.0,9742.327468640242,0.0005077105654702737,200,collapsed,free_v
225,15.0,9798.366385941892,0.0005077105654702737,200,collapsed,free_v
226,15.0,8402.605235522802,0.0005077105654702737,200,collapsed,free_v
227,16.0,8998.621353228402,0.0005077105654702737,200,collapsed,free_v
228,14.0,9645.99954014808,0.0005077105654702737,200,collapsed,free_v
229,13.0,6947.53776334875,0.0005077105654702737,200,collapsed,free_v
230,15.0,9632.86935903172,0.0005077105654702737,200,collapsed,free_v
231,15.0,8985.415758191024,0.0005077105654702737,200,collapsed,free_v
232,15.0,9141.96592062178,0.0005077105654702737,200,collapsed,free_v
233,15.0,11823.402055817574,0.0005077105654702737,200,collapsed,free_v
234,15.0,9781.350442250281,0.0005077105654702737,200,collapsed,free_v
235,16.0,8780.831475644778,0.0005077105654702737,200,collapsed,free_v
236,15.0,15484.376881433373,0.0005077105654702737,200,collapsed,free_v
237,21.0,9931097.398107503,0.0005077105654702737,200,collapsed,free_v
238,16.0,8351.140676883095,0.0005077105654702737,200,collapsed,free_v
239,16.0,9386.707965815884,0.0005077105654702737,200,collapsed,free_v
240,16.0,7984.661567449692,0.0005077105654702737,200,collapsed,free_v
241,15.0,8530.234343743952,0.0005077105654702737,200,collapsed,free_v
242,15.0,10077.763053660663,0.0005077105654702737,200,collapsed,free_v
243,16.0,62925.519827878496,0.0005077105654702737,200,collapsed,free_v
244,15.0,9220.535185733821,0.0005077105654702737,200,collapsed,free_v
245,18.0,8413.81363936651,0.0005077105654702737,200,collapsed,free_v
246,15.0,9766.788071331785,0.0005077105654702737,200,collapsed,free_v
247,15.0,9143.201251170536,0.0005077105654702737,200,collapsed,free_v
248,14.0,7459.948501087799,0.0005077105654702737,200,collapsed,free_v
249,14.0,9123.53140284751,0.0005077105654702737,200,collapsed,free_v
250,16.0,9825.446779330916,0.0005077105654702737,200,collapsed,free_v
251,19.0,9245.85262653785,0.0005077105654702737,200,collapsed,free_v
252,18.0,7341.091642648169,0.0005077105654702737,200,collapsed,free_v
253,15.0,10417.563439046471,0.0005077105654702737,200,collapsed,free_v
254,15.0,9084.124076515787,0.0005077105654702737,200,collapsed,free_v
255,18.0,9151.886893134022,0.0005077105654702737,200,collapsed,free_v
256,19.0,8433.425615661483,0.0005077105654702737,200,collapsed,free_v
257,15.0,9934.762219166703,0.0005077105654702737,200,collapsed,free_v
258,15.0,8477.668524500703,0.0005077105654702737,200,collapsed,free_v
259,14.0,8995.161983286105,0.0005077105654702737,200,collapsed,free_v
260,15.0,9884.50445821765,0.0005077105654702737,200,collapsed,free_v
261,15.0,9870.587818106136,0.0005077105654702737,200,collapsed,free_v
262,14.0,8541.818121143539,0.0005077105654702737,200,collapsed,free_v
263,17.0,8206.129280736099,0.0005077105654702737,200,collapsed,free_v
264,16.0,9369.674026874633,0.0005077105654702737,200,collapsed,free_v
265,15.0,9064.542209527996,0.0005077105654702737,200,collapsed,free_v
266,15.0,8165.416846685991,0.0005077105654702737,200,collapsed,free_v
267,15.0,9762.626220425527,0.0005077105654702737,200,collapsed,free_v
268,14.0,9637.447993132797,0.0005077105654702737,200,collapsed,free_v
269,14.0,9243.04718785813,0.0005077105654702737,200,collapsed,free_v
270,16.0,9464.742737053639,0.0005077105654702737,200,collapsed,free_v
271,14.0,9397.883296658027,0.0005077105654702737,200,collapsed,free_v
272,15.0,9189.995492569566,0.0005077105654702737,200,collapsed,free_v
273,15.0,9268.432423482145,0.0005077105654702737,200,collapsed,free_v
274,17.0,10231.511586435812,0.0005077105654702737,200,collapsed,free_v
275,14.0,8007.504731380011,0.0005077105654702737,200,collapsed,free_v
276,14.0,8707.749911776851,0.0005077105654702737,200,collapsed,free_v
277,15.0,8783.685546283614,0.0005077105654702737,200,collapsed,free_v
278,17.0,9669.42528215563,0.0005077105654702737,200,collapsed,free_v
279,13.0,9088.93283438707,0.0005077105654702737,200,collapsed,free_v
280,14.0,9701.352671366927,0.0005077105654702737,200,collapsed,free_v
281,15.0,19491.73727070104,0.0005077105654702737,200,collapsed,free_v
282,15.0,9142.494326556523,0.0005077105654702737,200,collapsed,free_v
283,16.0,9346.667625240701,0.0005077105654702737,200,collapsed,free_v
284,14.0,9765.627025238833,0.0005077105654702737,200,collapsed,free_v
285,16.0,9328.696372640346,0.0005077105654702737,200,collapsed,free_v
286,14.0,8523.285685118151,0.0005077105654702737,200,collapsed,free_v
287,15.0,8223.875075329626,0.0005077105654702737,200,collapsed,free_v
288,15.0,8951.006195958633,0.0005077105654702737,200,collapsed,free_v
289,15.0,8303.089696152027,0.0005077105654702737,200,collapsed,free_v
290,15.0,8974.982150174461,0.0005077105654702737,200,collapsed,free_v
291,14.0,9899.53867986668,0.0005077105654702737,200,collapsed,free_v
292,14.0,8904.928246798732,0.0005077105654702737,200,collapsed,free_v
293,15.0,9256.487062066111,0.0005077105654702737,200,collapsed,free_v
294,16.0,59205614.56467732,0.0005077105654702737,200,collapsed,free_v
295,16.0,8905.946274669626,0.0005077105654702737,200,collapsed,free_v
296,14.0,9032.571982210453,0.0005077105654702737,200,collapsed,free_v
297,17.0,9147.03312968435,0.0005077105654702737,200,collapsed,free_v
298,14.0,8608.382359135867,0.0005077105654702737,200,collapsed,free_v
299,14.0,8346.594722059508,0.0005077105654702737,200,collapsed,free_v
300,17.0,23451.5937794157,0.00020573481879311472,500,collapsed,free_v
301,17.0,24212.44539396348,0.00020573481879311472,500,collapsed,free_v
302,19.0,24167.419378168845,0.00020573481879311472,500,collapsed,free_v
303,17.0,23533.70481043962,0.00020573481879311472,500,collapsed,free_v
304,17.0,24071.27824700098,0.00020573481879311472,500,collapsed,free_v
305,17.0,23123.639167388177,0.00020573481879311472,500,collapsed,free_v
306,22.0,22687.611069200204,0.00020573481879311472,500,collapsed,free_v
307,16.0,20936.38716758761,0.00020573481879311472,500,collapsed,free_v
308,16.0,19001.841088462163,0.00020573481879311472,500,collapsed,free_v
309,17.0,23710.385738376972,0.00020573481879311472,500,collapsed,free_v
310,18.0,22642.751428669017,0.00020573481879311472,500,collapsed,free_v
311,17.0,25760.607055912806,0.00020573481879311472,500,collapsed,free_v
312,17.0,23546.507795438865,0.00020573481879311472,500,collapsed,free_v
313,17.0,23785.151210780437,0.00020573481879311472,500,collapsed,free_v
314,17.0,20821.10332107017,0.00020573481879311472,500,collapsed,free_v
315,17.0,23505.846658439623,0.00020573481879311472,500,collapsed,free_v
316,16.0,24115.104896354496,0.00020573481879311472,500,collapsed,free_v
317,18.0,22889.76288644547,0.00020573481879311472,500,collapsed,free_v
318,16.0,22014.56111185897,0.00020573481879311472,500,collapsed,free_v
319,16.0,21494.26132630208,0.00020573481879311472,500,collapsed,free_v
320,17.0,22508.146003657905,0.00020573481879311472,500,collapsed,free_v
321,17.0,31111.70487694579,0.00020573481879311472,500,collapsed,free_v
322,17.0,22957.66827812166,0.00020573481879311472,500,collapsed,free_v
323,18.0,23518.482199363858,0.00020573481879311472,500,collapsed,free_v
324,22.0,23264.09913678351,0.00020573481879311472,500,collapsed,free_v
325,17.0,20545.260335946867,0.00020573481879311472,500,collapsed,free_v
326,17.0,23560.399264202297,0.00020573481879311472,500,collapsed,free_v
327,17.0,21659.987670191178,0.00020573481879311472,500,collapsed,free_v
328,17.0,22745.565737162273,0.00020573481879311472,500,collapsed,free_v
329,17.0,23034.222598537624,0.00020573481879311472,500,collapsed,free_v
330,18.0,23850.014000281997,0.00020573481879311472,500,collapsed,free_v
331,16.0,24954.366567380854,0.00020573481879311472,500,collapsed,free_v
332,17.0,31763.84807961934,0.00020573481879311472,500,collapsed,free_v
333,17.0,24215.350273182456,0.00020573481879311472,500,collapsed,free_v
334,17.0,23688.383559294114,0.00020573481879311472,500,collapsed,free_v
335,17.0,21248.98589799929,0.00020573481879311472,500,collapsed,free_v
336,16.0,22617.406128037623,0.00020573481879311472,500,collapsed,free_v
337,16.0,22404.14551004941,0.00020573481879311472,500,collapsed,free_v
338,20.0,21291.223668955325,0.00020573481879311472,500,collapsed,free_v
339,17.0,24208.01754113431,0.00020573481879311472,500,collapsed,free_v
340,17.0,26141.5900199249,0.00020573481879311472,500,collapsed,free_v
341,17.0,23934.48843270318,0.00020573481879311472,500,collapsed,free_v
342,17.0,23516.20929145973,0.00020573481879311472,500,collapsed,free_v
343,18.0,24514.890710551026,0.00020573481879311472,500,collapsed,free_v
344,18.0,23915.744889311176,0.00020573481879311472,500,collapsed,free_v
345,20.0,22638.932194657864,0.00020573481879311472,500,collapsed,free_v
346,16.0,22741.693718541337,0.00020573481879311472,500,collapsed,free_v
347,17.0,23537.28083925939,0.00020573481879311472,500,collapsed,free_v
348,17.0,20498.620343159844,0.00020573481879311472,500,collapsed,free_v
349,21.0,7537572.429506139,0.00020573481879311472,500,collapsed,free_v
350,17.0,41141.70073110172,0.00020573481879311472,500,collapsed,free_v
351,15.0,23852.994654194215,0.00020573481879311472,500,collapsed,free_v
352,18.0,23833.330101358995,0.00020573481879311472,500,collapsed,free_v
353,17.0,23081.284796830172,0.00020573481879311472,500,collapsed,free_v
354,16.0,22175.03094732157,0.00020573481879311472,500,collapsed,free_v
355,16.0,22685.22624616356,0.00020573481879311472,500,collapsed,free_v
356,18.0,23265.61962275271,0.00020573481879311472,500,collapsed,free_v
357,17.0,23258.47827852379,0.00020573481879311472,500,collapsed,free_v
358,17.0,26687.067787866228,0.00020573481879311472,500,collapsed,free_v
359,20.0,23540.227072333317,0.00020573481879311472,500,collapsed,free_v
360,16.0,21403.40557549262,0.00020573481879311472,500,collapsed,free_v
361,16.0,22650.20975049241,0.00020573481879311472,500,collapsed,free_v
362,19.0,161967.7601357084,0.00020573481879311472,500,collapsed,free_v
363,16.0,23731.486236086635,0.00020573481879311472,500,collapsed,free_v
364,19.0,23353.2762818579,0.00020573481879311472,500,collapsed,free_v
365,15.0,22642.508917547475,0.00020573481879311472,500,collapsed,free_v
366,17.0,22483.90134830035,0.00020573481879311472,500,collapsed,free_v
367,19.0,22440.986808687892,0.00020573481879311472,500,collapsed,free_v
368,18.0,22959.007320921788,0.00020573481879311472,500,collapsed,free_v
369,17.0,21589.561580062214,0.00020573481879311472,500,collapsed,free_v
370,17.0,23350.101433294745,0.00020573481879311472,500,collapsed,free_v
371,17.0,24239.44881335726,0.00020573481879311472,500,collapsed,free_v
372,17.0,20668.06230885531,0.00020573481879311472,500,collapsed,free_v
373,15.0,19657.2293545022,0.00020573481879311472,500,collapsed,free_v
374,19.0,22667.03243498245,0.00020573481879311472,500,collapsed,free_v
375,17.0,24175.137508875985,0.00020573481879311472,500,collapsed,free_v
376,17.0,25298.513010260544,0.00020573481879311472,500,collapsed,free_v
377,17.0,22833.066624532676,0.00020573481879311472,500,collapsed,free_v
378,17.0,19460.21886322847,0.00020573481879311472,500,collapsed,free_v
379,17.0,25867.82592178171,0.00020573481879311472,500,collapsed,free_v
380,18.0,50601.97631659244,0.00020573481879311472,500,collapsed,free_v
381,21.0,19253.005152471767,0.00020573481879311472,500,collapsed,free_v
382,16.0,22271.7431488372,0.00020573481879311472,500,collapsed,free_v
383,17.0,23728.55371644909,0.00020573481879311472,500,collapsed,free_v
384,19.0,6758870.538123227,0.00020573481879311472,500,collapsed,free_v
385,17.0,23616.053322781434,0.00020573481879311472,500,collapsed,free_v
386,16.0,22043.60181623979,0.00020573481879311472,500,collapsed,free_v
387,21.0,19135.976373840076,0.00020573481879311472,500,collapsed,free_v
388,18.0,23803.85121947296,0.00020573481879311472,500,collapsed,free_v
389,20.0,19683.992853211446,0.00020573481879311472,500,collapsed,free_v
390,22.0,20702.38336909489,0.00020573481879311472,500,collapsed,free_v
391,19.0,23333.118346282212,0.00020573481879311472,500,collapsed,free_v
392,18.0,22357.932576681273,0.00020573481879311472,500,collapsed,free_v
393,18.0,23617.261476407304,0.00020573481879311472,500,collapsed,free_v
394,18.0,23526.09098912072,0.00020573481879311472,500,collapsed,free_v
395,16.0,20630.395043933706,0.00020573481879311472,500,collapsed,free_v
396,16.0,20997.670987303743,0.00020573481879311472,500,collapsed,free_v
397,17.0,23674.160166331792,0.00020573481879311472,500,collapsed,free_v
398,17.0,24046.98584647673,0.00020573481879311472,500,collapsed,free_v
399,17.0,22316.215352551353,0.00020573481879311472,500,collapsed,free_v
400,23.0,524380.9947866185,9.824685497133254e-05,1000,collapsed,free_v
401,21.0,47641.01050579047,9.824685497133254e-05,1000,collapsed,free_v
402,19.0,46206.057485257814,9.824685497133254e-05,1000,collapsed,free_v
403,16.0,38070.27735236852,9.824685497133254e-05,1000,collapsed,free_v
404,18.0,48736.47466445306,9.824685497133254e-05,1000,collapsed,free_v
405,19.0,44427.373723677796,9.824685497133254e-05,1000,collapsed,free_v
406,21.0,47073.76550702613,9.824685497133254e-05,1000,collapsed,free_v
407,20.0,45899.22380722033,9.824685497133254e-05,1000,collapsed,free_v
408,18.0,43043.44960356009,9.824685497133254e-05,1000,collapsed,free_v
409,16.0,40415.33149237053,9.824685497133254e-05,1000,collapsed,free_v
410,17.0,43943.25321433231,9.824685497133254e-05,1000,collapsed,free_v
411,23.0,1159861.9240345603,9.824685497133254e-05,1000,collapsed,free_v
412,23.0,3268494.0902213473,9.824685497133254e-05,1000,collapsed,free_v
413,22.0,48243.64396785617,9.824685497133254e-05,1000,collapsed,free_v
414,18.0,47690.05528394015,9.824685497133254e-05,1000,collapsed,free_v
415,19.0,48844.190648983764,9.824685497133254e-05,1000,collapsed,free_v
416,18.0,48033.0215770893,9.824685497133254e-05,1000,collapsed,free_v
417,23.0,39814.69825888225,9.824685497133254e-05,1000,collapsed,free_v
418,18.0,46338.92763166506,9.824685497133254e-05,1000,collapsed,free_v
419,19.0,44852.22609207024,9.824685497133254e-05,1000,collapsed,free_v
420,18.0,46381.56606786374,9.824685497133254e-05,1000,collapsed,free_v
421,18.0,37871.36468199459,9.824685497133254e-05,1000,collapsed,free_v
422,19.0,47377.80923700475,9.824685497133254e-05,1000,collapsed,free_v
423,18.0,48474.06535418075,9.824685497133254e-05,1000,collapsed,free_v
424,21.0,617444.2093540188,9.824685497133254e-05,1000,collapsed,free_v
425,19.0,46802.348315336836,9.824685497133254e-05,1000,collapsed,free_v
426,18.0,38697.71270294745,9.824685497133254e-05,1000,collapsed,free_v
427,20.0,48018.47764033243,9.824685497133254e-05,1000,collapsed,free_v
428,21.0,40942.17291796305,9.824685497133254e-05,1000,collapsed,free_v
429,22.0,45114.283203448176,9.824685497133254e-05,1000,collapsed,free_v
430,18.0,43182.01186903283,9.824685497133254e-05,1000,collapsed,free_v
431,17.0,42348.736539560094,9.824685497133254e-05,1000,collapsed,free_v
432,18.0,44356.76561070101,9.824685497133254e-05,1000,collapsed,free_v
433,19.0,44705.89402250135,9.824685497133254e-05,1000,collapsed,free_v
434,19.0,47173.735936429664,9.824685497133254e-05,1000,collapsed,free_v
435,19.0,40034.99587712305,9.824685497133254e-05,1000,collapsed,free_v
436,18.0,47445.48677462213,9.824685497133254e-05,1000,collapsed,free_v
437,18.0,45556.24193436738,9.824685497133254e-05,1000,collapsed,free_v
438,19.0,43995.391630218604,9.824685497133254e-05,1000,collapsed,free_v
439,18.0,47897.74553010144,9.824685497133254e-05,1000,collapsed,free_v
440,19.0,46379.38403741211,9.824685497133254e-05,1000,collapsed,free_v
441,18.0,49482.90263586087,9.824685497133254e-05,1000,collapsed,free_v
442,18.0,47574.14256151522,9.824685497133254e-05,1000,collapsed,free_v
443,18.0,47728.61123164529,9.824685497133254e-05,1000,collapsed,free_v
444,19.0,47009.71692421063,9.824685497133254e-05,1000,collapsed,free_v
445,20.0,37639.898632649434,9.824685497133254e-05,1000,collapsed,free_v
446,20.0,46441.334126181166,9.824685497133254e-05,1000,collapsed,free_v
447,19.0,84403.76620637029,9.824685497133254e-05,1000,collapsed,free_v
448,18.0,44586.94586245576,9.824685497133254e-05,1000,collapsed,free_v
449,22.0,47640.86975744769,9.824685497133254e-05,1000,collapsed,free_v
450,19.0,39021.92484855456,9.824685497133254e-05,1000,collapsed,free_v
451,20.0,50202.93802525038,9.824685497133254e-05,1000,collapsed,free_v
452,21.0,301534.9452315059,9.824685497133254e-05,1000,collapsed,free_v
453,21.0,47840.69048887198,9.824685497133254e-05,1000,collapsed,free_v
454,19.0,48598.767504589116,9.824685497133254e-05,1000,collapsed,free_v
455,19.0,48674.68355415805,9.824685497133254e-05,1000,collapsed,free_v
456,20.0,46137.746957837,9.824685497133254e-05,1000,collapsed,free_v
457,17.0,48451.16192249793,9.824685497133254e-05,1000,collapsed,free_v
458,18.0,47909.20409612508,9.824685497133254e-05,1000,collapsed,free_v
459,20.0,47473.12181660638,9.824685497133254e-05,1000,collapsed,free_v
460,22.0,42330.601893508465,9.824685497133254e-05,1000,collapsed,free_v
461,19.0,47889.77691253705,9.824685497133254e-05,1000,collapsed,free_v
462,18.0,46904.84739431082,9.824685497133254e-05,1000,collapsed,free_v
463,18.0,43835.23058164936,9.824685497133254e-05,1000,collapsed,free_v
464,20.0,47139.8164586187,9.824685497133254e-05,1000,collapsed,free_v
465,20.0,46010.359119522676,9.824685497133254e-05,1000,collapsed,free_v
466,17.0,43167.7639139596,9.824685497133254e-05,1000,collapsed,free_v
467,18.0,47759.76889783005,9.824685497133254e-05,1000,collapsed,free_v
468,20.0,46215.78763360745,9.824685497133254e-05,1000,collapsed,free_v
469,25.0,152539339.21801373,9.824685497133254e-05,1000,collapsed,free_v
470,18.0,49481.89362171774,9.824685497133254e-05,1000,collapsed,free_v
471,19.0,45644.20085786862,9.824685497133254e-05,1000,collapsed,free_v
472,21.0,47857.91582551234,9.824685497133254e-05,1000,collapsed,free_v
473,18.0,38648.37879619063,9.824685497133254e-05,1000,collapsed,free_v
474,18.0,45640.23840295951,9.824685497133254e-05,1000,collapsed,free_v
475,18.0,47312.134795316604,9.824685497133254e-05,1000,collapsed,free_v
476,19.0,59955.86867296219,9.824685497133254e-05,1000,collapsed,free_v
477,18.0,48159.66551685341,9.824685497133254e-05,1000,collapsed,free_v
478,20.0,45688.77693937549,9.824685497133254e-05,1000,collapsed,free_v
479,19.0,47456.231528396595,9.824685497133254e-05,1000,collapsed,free_v
480,20.0,52878.98472900097,9.824685497133254e-05,1000,collapsed,free_v
481,20.0,47745.13367018581,9.824685497133254e-05,1000,collapsed,free_v
482,20.0,48576.63822309358,9.824685497133254e-05,1000,collapsed,free_v
483,19.0,45147.31782555318,9.824685497133254e-05,1000,collapsed,free_v
484,19.0,45977.29208247129,9.824685497133254e-05,1000,collapsed,free_v
485,17.0,40736.03470052176,9.824685497133254e-05,1000,collapsed,free_v
486,19.0,52626.41015154998,9.824685497133254e-05,1000,collapsed,free_v
487,19.0,40484.46090977205,9.824685497133254e-05,1000,collapsed,free_v
488,16.0,41402.848629613836,9.824685497133254e-05,1000,collapsed,free_v
489,20.0,48875.75119103293,9.824685497133254e-05,1000,collapsed,free_v
490,20.0,50376.32297558326,9.824685497133254e-05,1000,collapsed,free_v
491,20.0,49198.93215804975,9.824685497133254e-05,1000,collapsed,free_v
492,19.0,46545.6537476206,9.824685497133254e-05,1000,collapsed,free_v
493,21.0,47073.169300582405,9.824685497133254e-05,1000,collapsed,free_v
494,20.0,48456.37794266222,9.824685497133254e-05,1000,collapsed,free_v
495,19.0,40486.78938422165,9.824685497133254e-05,1000,collapsed,free_v
496,18.0,44939.87548161735,9.824685497133254e-05,1000,collapsed,free_v
497,20.0,43496.331602287246,9.824685497133254e-05,1000,collapsed,free_v
498,21.0,63056.4995139343,9.824685497133254e-05,1000,collapsed,free_v
499,20.0,46728.79600074951,9.824685497133254e-05,1000,collapsed,free_v
500,12.0,2319.8294178677734,0.002097513302633155,50,collapsed,fixed
501,12.0,2255.3241910943743,0.002097513302633155,50,collapsed,fixed
502,12.0,2387.237963808617,0.002097513302633155,50,collapsed,fixed
503,11.0,2510.6842350899747,0.002097513302633155,50,collapsed,fixed
504,12.0,2309.7440499614063,0.002097513302633155,50,collapsed,fixed
505,12.0,2242.679266705004,0.002097513302633155,50,collapsed,fixed
506,12.0,2326.936262061516,0.002097513302633155,50,collapsed,fixed
507,13.0,2404.1140720961703,0.002097513302633155,50,collapsed,fixed
508,12.0,2156.51410135613,0.002097513302633155,50,collapsed,fixed
509,10.0,1973.2148662603477,0.002097513302633155,50,collapsed,fixed
510,11.0,2432.753850397934,0.002097513302633155,50,collapsed,fixed
511,12.0,2686.9678777218596,0.002097513302633155,50,collapsed,fixed
512,11.0,2410.508655395307,0.002097513302633155,50,collapsed,fixed
513,12.0,2921.2162607225687,0.002097513302633155,50,collapsed,fixed
514,12.0,2067.6956986387477,0.002097513302633155,50,collapsed,fixed
515,11.0,2146.9498389479318,0.002097513302633155,50,collapsed,fixed
516,11.0,2374.866052212288,0.002097513302633155,50,collapsed,fixed
517,12.0,2513.801172085048,0.002097513302633155,50,collapsed,fixed
518,14.0,2755.878063884632,0.002097513302633155,50,collapsed,fixed
519,11.0,2149.610904653207,0.002097513302633155,50,collapsed,fixed
520,11.0,2498.1709324690555,0.002097513302633155,50,collapsed,fixed
521,13.0,2012.4067787961071,0.002097513302633155,50,collapsed,fixed
522,12.0,2307.463588620467,0.002097513302633155,50,collapsed,fixed
523,15.0,1935.742523387031,0.002097513302633155,50,collapsed,fixed
524,13.0,2373.92331997753,0.002097513302633155,50,collapsed,fixed
525,12.0,2547.1857787056815,0.002097513302633155,50,collapsed,fixed
526,11.0,2265.5788489712145,0.002097513302633155,50,collapsed,fixed
527,13.0,2289.5890263279607,0.002097513302633155,50,collapsed,fixed
528,13.0,2070.6587908532188,0.002097513302633155,50,collapsed,fixed
529,13.0,2127.1268745180046,0.002097513302633155,50,collapsed,fixed
530,12.0,2094.6235910809446,0.002097513302633155,50,collapsed,fixed
531,11.0,2382.5949727442317,0.002097513302633155,50,collapsed,fixed
532,11.0,2559.0890369890094,0.002097513302633155,50,collapsed,fixed
533,12.0,2549.989016318522,0.002097513302633155,50,collapsed,fixed
534,12.0,2424.1718425198983,0.002097513302633155,50,collapsed,fixed
535,12.0,2465.3983270733415,0.002097513302633155,50,collapsed,fixed
536,13.0,2301.353532314532,0.002097513302633155,50,collapsed,fixed
537,12.0,1925.827748667534,0.002097513302633155,50,collapsed,fixed
538,12.0,2332.815658415862,0.002097513302633155,50,collapsed,fixed
539,12.0,1995.1895117833285,0.002097513302633155,50,collapsed,fixed
540,13.0,2343.5958809551666,0.002097513302633155,50,collapsed,fixed
541,12.0,2407.7314910219516,0.002097513302633155,50,collapsed,fixed
542,12.0,2390.9112861019494,0.002097513302633155,50,collapsed,fixed
543,11.0,2324.1401442519327,0.002097513302633155,50,collapsed,fixed
544,12.0,2143.862982883105,0.002097513302633155,50,collapsed,fixed
545,12.0,2142.2876164939694,0.002097513302633155,50,collapsed,fixed
546,11.0,1813.0535097127902,0.002097513302633155,50,collapsed,fixed
547,10.0,2230.720455156004,0.002097513302633155,50,collapsed,fixed
548,11.0,2166.0651559652088,0.002097513302633155,50,collapsed,fixed
549,14.0,2566.531936642224,0.002097513302633155,50,collapsed,fixed
550,14.0,2304.4781674503133,0.002097513302633155,50,collapsed,fixed
551,13.0,2541.8096205217703,0.002097513302633155,50,collapsed,fixed
552,12.0,2565.1337168249784,0.002097513302633155,50,collapsed,fixed
553,11.0,2358.669268742216,0.002097513302633155,50,collapsed,fixed
554,12.0,2333.1145012890975,0.002097513302633155,50,collapsed,fixed
555,12.0,2473.913316953331,0.002097513302633155,50,collapsed,fixed
556,12.0,1964.7828982034096,0.002097513302633155,50,collapsed,fixed
557,13.0,2358.825906980056,0.002097513302633155,50,collapsed,fixed
558,12.0,2611.6451442229663,0.002097513302633155,50,collapsed,fixed
559,11.0,2224.5426337163763,0.002097513302633155,50,collapsed,fixed
560,13.0,2199.2878486568165,0.002097513302633155,50,collapsed,fixed
561,13.0,2420.4653355396035,0.002097513302633155,50,collapsed,fixed
562,11.0,2080.3447116369553,0.002097513302633155,50,collapsed,fixed
563,12.0,2141.4550684987603,0.002097513302633155,50,collapsed,fixed
564,12.0,2088.610606618934,0.002097513302633155,50,collapsed,fixed
565,15.0,2566.983725050308,0.002097513302633155,50,collapsed,fixed
566,12.0,2389.253878432794,0.002097513302633155,50,collapsed,fixed
567,12.0,2226.7581672610872,0.002097513302633155,50,collapsed,fixed
568,12.0,2627.913815089621,0.002097513302633155,50,collapsed,fixed
569,14.0,2144.1634228421767,0.002097513302633155,50,collapsed,fixed
570,11.0,2422.147145678743,0.002097513302633155,50,collapsed,fixed
571,13.0,2230.5419386906847,0.002097513302633155,50,collapsed,fixed
572,12.0,2456.1189608172986,0.002097513302633155,50,collapsed,fixed
573,12.0,2515.4146960507987,0.002097513302633155,50,collapsed,fixed
574,12.0,2258.215592256175,0.002097513302633155,50,collapsed,fixed
575,11.0,2163.095549016999,0.002097513302633155,50,collapsed,fixed
576,14.0,2993.346934243906,0.002097513302633155,50,collapsed,fixed
577,10.0,2167.971316926033,0.002097513302633155,50,collapsed,fixed
578,13.0,2354.173541187045,0.002097513302633155,50,collapsed,fixed
579,12.0,2076.2315511772704,0.002097513302633155,50,collapsed,fixed
580,11.0,2094.6339742187643,0.002097513302633155,50,collapsed,fixed
581,13.0,2420.6296410900945,0.002097513302633155,50,collapsed,fixed
582,11.0,2170.1283219647607,0.002097513302633155,50,collapsed,fixed
583,12.0,2499.2494266173044,0.002097513302633155,50,collapsed,fixed
584,12.0,2919.4169130221217,0.002097513302633155,50,collapsed,fixed
585,13.0,2530.8076307247375,0.002097513302633155,50,collapsed,fixed
586,12.0,2171.872176715527,0.002097513302633155,50,collapsed,fixed
587,12.0,2402.0328780550362,0.002097513302633155,50,collapsed,fixed
588,11.0,2192.399151943416,0.002097513302633155,50,collapsed,fixed
589,12.0,2235.2606296118333,0.002097513302633155,50,collapsed,fixed
590,11.0,2031.6216784226217,0.002097513302633155,50,collapsed,fixed
591,20.0,2074.742936912245,0.002097513302633155,50,collapsed,fixed
592,12.0,2403.5094518992883,0.002097513302633155,50,collapsed,fixed
593,12.0,2715.272913340773,0.002097513302633155,50,collapsed,fixed
594,12.0,2663.8464850735463,0.002097513302633155,50,collapsed,fixed
595,12.0,2630.121894924598,0.002097513302633155,50,collapsed,fixed
596,12.0,2408.91798474131,0.002097513302633155,50,collapsed,fixed
597,12.0,2249.4059960026493,0.002097513302633155,50,collapsed,fixed
598,12.0,2327.140531825858,0.002097513302633155,50,collapsed,fixed
599,11.0,2480.3439720693355,0.002097513302633155,50,collapsed,fixed
600,13.0,5233.004930578187,0.0010430981755654776,100,collapsed,fixed
601,12.0,4174.44140512334,0.0010430981755654776,100,collapsed,fixed
602,13.0,4514.682340896717,0.0010430981755654776,100,collapsed,fixed
603,13.0,4483.264232618244,0.0010430981755654776,100,collapsed,fixed
604,13.0,4565.523182735913,0.0010430981755654776,100,collapsed,fixed
605,12.0,4835.0714423603895,0.0010430981755654776,100,collapsed,fixed
606,13.0,4234.450925663592,0.0010430981755654776,100,collapsed,fixed
607,13.0,4347.529017052378,0.0010430981755654776,100,collapsed,fixed
608,13.0,4302.709402297029,0.0010430981755654776,100,collapsed,fixed
609,14.0,5000.529108574006,0.0010430981755654776,100,collapsed,fixed
610,13.0,4347.348415344471,0.0010430981755654776,100,collapsed,fixed
611,13.0,4534.440515539728,0.0010430981755654776,100,collapsed,fixed
612,15.0,4344.566190165812,0.0010430981755654776,100,collapsed,fixed
613,14.0,4645.819859613505,0.0010430981755654776,100,collapsed,fixed
614,13.0,4328.536591924501,0.0010430981755654776,100,collapsed,fixed
615,13.0,4656.857643605039,0.0010430981755654776,100,collapsed,fixed
616,14.0,4509.230777550322,0.0010430981755654776,100,collapsed,fixed
617,13.0,4703.093664243008,0.0010430981755654776,100,collapsed,fixed
618,14.0,4834.563619597173,0.0010430981755654776,100,collapsed,fixed
619,13.0,5161.957233181616,0.0010430981755654776,100,collapsed,fixed
620,13.0,5082.843027121167,0.0010430981755654776,100,collapsed,fixed
621,12.0,4849.508997246419,0.0010430981755654776,100,collapsed,fixed
622,13.0,4851.3476733555535,0.0010430981755654776,100,collapsed,fixed
623,13.0,4291.26198324378,0.0010430981755654776,100,collapsed,fixed
624,13.0,4687.419177069904,0.0010430981755654776,100,collapsed,fixed
625,13.0,4476.223491231706,0.0010430981755654776,100,collapsed,fixed
626,14.0,4504.126422816496,0.0010430981755654776,100,collapsed,fixed
627,14.0,4959.004113036545,0.0010430981755654776,100,collapsed,fixed
628,14.0,4598.491494355626,0.0010430981755654776,100,collapsed,fixed
629,13.0,4698.8426607742485,0.0010430981755654776,100,collapsed,fixed
630,13.0,4739.065798640103,0.0010430981755654776,100,collapsed,fixed
631,13.0,4481.885546345997,0.0010430981755654776,100,collapsed,fixed
632,14.0,4631.334209625031,0.0010430981755654776,100,collapsed,fixed
633,12.0,4546.742502803987,0.0010430981755654776,100,collapsed,fixed
634,18.0,4959.299095150822,0.0010430981755654776,100,collapsed,fixed
635,13.0,4889.025400097128,0.0010430981755654776,100,collapsed,fixed
636,13.0,4790.444098393354,0.0010430981755654776,100,collapsed,fixed
637,13.0,4264.44266866689,0.0010430981755654776,100,collapsed,fixed
638,14.0,4273.70699859583,0.0010430981755654776,100,collapsed,fixed
639,13.0,5464.389232081991,0.0010430981755654776,100,collapsed,fixed
640,12.0,4688.215236594721,0.0010430981755654776,100,collapsed,fixed
641,13.0,4973.442976516794,0.0010430981755654776,100,collapsed,fixed
642,14.0,4085.067676544397,0.0010430981755654776,100,collapsed,fixed
643,13.0,4551.759579383845,0.0010430981755654776,100,collapsed,fixed
644,14.0,4807.237651453448,0.0010430981755654776,100,collapsed,fixed
645,14.0,5167.742854722826,0.0010430981755654776,100,collapsed,fixed
646,13.0,4654.498493584972,0.0010430981755654776,100,collapsed,fixed
647,15.0,4323.8524170432565,0.0010430981755654776,100,collapsed,fixed
648,12.0,3902.1242629259373,0.0010430981755654776,100,collapsed,fixed
649,12.0,4337.546384583117,0.0010430981755654776,100,collapsed,fixed
650,13.0,4925.894503422255,0.0010430981755654776,100,collapsed,fixed
651,13.0,4594.1829808155135,0.0010430981755654776,100,collapsed,fixed
652,14.0,4867.941105114226,0.0010430981755654776,100,collapsed,fixed
653,13.0,4799.565191480768,0.0010430981755654776,100,collapsed,fixed
654,14.0,4652.471154640358,0.0010430981755654776,100,collapsed,fixed
655,13.0,5510.023089180891,0.0010430981755654776,100,collapsed,fixed
656,13.0,4403.517740758182,0.0010430981755654776,100,collapsed,fixed
657,13.0,4972.679576550401,0.0010430981755654776,100,collapsed,fixed
658,13.0,4422.455777973434,0.0010430981755654776,100,collapsed,fixed
659,13.0,4693.57110422348,0.0010430981755654776,100,collapsed,fixed
660,13.0,4826.048198102117,0.0010430981755654776,100,collapsed,fixed
661,13.0,4191.651519790656,0.0010430981755654776,100,collapsed,fixed
662,14.0,4467.300428353321,0.0010430981755654776,100,collapsed,fixed
663,13.0,4327.505832912292,0.0010430981755654776,100,collapsed,fixed
664,12.0,4772.539246637584,0.0010430981755654776,100,collapsed,fixed
665,14.0,4752.942116831395,0.0010430981755654776,100,collapsed,fixed
666,13.0,4971.105059117583,0.0010430981755654776,100,collapsed,fixed
667,12.0,4611.281658962159,0.0010430981755654776,100,collapsed,fixed
668,12.0,4668.997068038626,0.0010430981755654776,100,collapsed,fixed
669,13.0,4751.209114856881,0.0010430981755654776,100,collapsed,fixed
670,13.0,4705.780203394698,0.0010430981755654776,100,collapsed,fixed
671,13.0,4903.949634489374,0.0010430981755654776,100,collapsed,fixed
672,13.0,4493.3681854982615,0.0010430981755654776,100,collapsed,fixed
673,13.0,4777.556005256652,0.0010430981755654776,100,collapsed,fixed
674,13.0,4867.646514760216,0.0010430981755654776,100,collapsed,fixed
675,12.0,3863.6085595056943,0.0010430981755654776,100,collapsed,fixed
676,12.0,4438.03283174607,0.0010430981755654776,100,collapsed,fixed
677,14.0,4706.773195939838,0.0010430981755654776,100,collapsed,fixed
678,14.0,4304.994392906559,0.0010430981755654776,100,collapsed,fixed
679,13.0,4544.555284483412,0.0010430981755654776,100,collapsed,fixed
680,14.0,5115.7106324437855,0.0010430981755654776,100,collapsed,fixed
681,14.0,3967.5423682306914,0.0010430981755654776,100,collapsed,fixed
682,13.0,5188.842658613648,0.0010430981755654776,100,collapsed,fixed
683,14.0,5030.802553532608,0.0010430981755654776,100,collapsed,fixed
684,13.0,4939.534299027797,0.0010430981755654776,100,collapsed,fixed
685,14.0,4922.962912162628,0.0010430981755654776,100,collapsed,fixed
686,13.0,4255.441014936852,0.0010430981755654776,100,collapsed,fixed
687,13.0,4183.966069456627,0.0010430981755654776,100,collapsed,fixed
688,14.0,4730.017878080123,0.0010430981755654776,100,collapsed,fixed
689,13.0,4288.387757932181,0.0010430981755654776,100,collapsed,fixed
690,13.0,4389.474012268447,0.0010430981755654776,100,collapsed,fixed
691,13.0,4376.136844112759,0.0010430981755654776,100,collapsed,fixed
692,14.0,4404.058468120948,0.0010430981755654776,100,collapsed,fixed
693,12.0,4854.897458333275,0.0010430981755654776,100,collapsed,fixed
694,13.0,4800.550102640447,0.0010430981755654776,100,collapsed,fixed
695,13.0,4705.252528957026,0.0010430981755654776,100,collapsed,fixed
696,13.0,4825.398837200865,0.0010430981755654776,100,collapsed,fixed
697,13.0,4231.117535798398,0.0010430981755654776,100,collapsed,fixed
698,13.0,4674.365191120133,0.0010430981755654776,100,collapsed,fixed
699,14.0,4693.82000940858,0.0010430981755654776,100,collapsed,fixed
700,15.0,9113.30214967724,0.0005077105654702737,200,collapsed,fixed
701,13.0,9490.171353841295,0.0005077105654702737,200,collapsed,fixed
702,16.0,9535.347307721964,0.0005077105654702737,200,collapsed,fixed
703,14.0,9098.648771936992,0.0005077105654702737,200,collapsed,fixed
704,14.0,10162.989498736219,0.0005077105654702737,200,collapsed,fixed
705,14.0,9407.444682897481,0.0005077105654702737,200,collapsed,fixed
706,14.0,8993.412040317058,0.0005077105654702737,200,collapsed,fixed
707,15.0,9155.78351749727,0.0005077105654702737,200,collapsed,fixed
708,16.0,10108.171905083429,0.0005077105654702737,200,collapsed,fixed
709,14.0,8794.651892166954,0.0005077105654702737,200,collapsed,fixed
710,15.0,8621.934803266966,0.0005077105654702737,200,collapsed,fixed
711,16.0,10946.010850512763,0.0005077105654702737,200,collapsed,fixed
712,14.0,10208.975545548632,0.0005077105654702737,200,collapsed,fixed
713,14.0,8693.746136502725,0.0005077105654702737,200,collapsed,fixed
714,14.0,9100.441325281578,0.0005077105654702737,200,collapsed,fixed
715,16.0,9099.69144943464,0.0005077105654702737,200,collapsed,fixed
716,14.0,8980.51888840234,0.0005077105654702737,200,collapsed,fixed
717,15.0,8954.567437076588,0.0005077105654702737,200,collapsed,fixed
718,15.0,8763.048487384574,0.0005077105654702737,200,collapsed,fixed
719,16.0,9911.137800803575,0.0005077105654702737,200,collapsed,fixed
720,14.0,9329.866061351286,0.0005077105654702737,200,collapsed,fixed
721,14.0,9497.866129770799,0.0005077105654702737,200,collapsed,fixed
722,14.0,9194.663689757748,0.0005077105654702737,200,collapsed,fixed
723,15.0,9026.187036901716,0.0005077105654702737,200,collapsed,fixed
724,15.0,10001.678306007523,0.0005077105654702737,200,collapsed,fixed
725,17.0,9532.642580270904,0.0005077105654702737,200,collapsed,fixed
726,14.0,8659.190655033028,0.0005077105654702737,200,collapsed,fixed
727,14.0,9486.453046740942,0.0005077105654702737,200,collapsed,fixed
728,14.0,8849.813862490062,0.0005077105654702737,200,collapsed,fixed
729,14.0,9332.148023535065,0.0005077105654702737,200,collapsed,fixed
730,14.0,9643.485080530696,0.0005077105654702737,200,collapsed,fixed
731,15.0,9653.275611967545,0.0005077105654702737,200,collapsed,fixed
732,15.0,9598.292298352344,0.0005077105654702737,200,collapsed,fixed
733,15.0,9543.19992346322,0.0005077105654702737,200,collapsed,fixed
734,16.0,9941.280181872611,0.0005077105654702737,200,collapsed,fixed
735,15.0,9866.636881219812,0.0005077105654702737,200,collapsed,fixed
736,15.0,10110.821270964405,0.0005077105654702737,200,collapsed,fixed
737,15.0,9896.436026785263,0.0005077105654702737,200,collapsed,fixed
738,15.0,9141.83677639758,0.0005077105654702737,200,collapsed,fixed
739,16.0,9945.771054261377,0.0005077105654702737,200,collapsed,fixed
740,14.0,9476.589763505863,0.0005077105654702737,200,collapsed,fixed
741,15.0,8300.895708220016,0.0005077105654702737,200,collapsed,fixed
742,15.0,9401.592020033295,0.0005077105654702737,200,collapsed,fixed
743,14.0,9441.234462429655,0.0005077105654702737,200,collapsed,fixed
744,15.0,9384.907130666354,0.0005077105654702737,200,collapsed,fixed
745,15.0,10200.471066235428,0.0005077105654702737,200,collapsed,fixed
746,15.0,9098.061244578974,0.0005077105654702737,200,collapsed,fixed
747,14.0,9256.598747960921,0.0005077105654702737,200,collapsed,fixed
748,15.0,9748.27275445197,0.0005077105654702737,200,collapsed,fixed
749,15.0,9206.94348269775,0.0005077105654702737,200,collapsed,fixed
750,15.0,9588.87468953175,0.0005077105654702737,200,collapsed,fixed
751,14.0,9848.265153303728,0.0005077105654702737,200,collapsed,fixed
752,15.0,9105.764425689467,0.0005077105654702737,200,collapsed,fixed
753,15.0,9075.158168538424,0.0005077105654702737,200,collapsed,fixed
754,14.0,9207.462252420226,0.0005077105654702737,200,collapsed,fixed
755,16.0,9536.212879514718,0.0005077105654702737,200,collapsed,fixed
756,15.0,9144.46060129608,0.0005077105654702737,200,collapsed,fixed
757,14.0,9531.952871048778,0.0005077105654702737,200,collapsed,fixed
758,15.0,9692.600899866478,0.0005077105654702737,200,collapsed,fixed
759,14.0,9121.615590559039,0.0005077105654702737,200,collapsed,fixed
760,14.0,9387.244954421298,0.0005077105654702737,200,collapsed,fixed
761,16.0,8876.516343600739,0.0005077105654702737,200,collapsed,fixed
762,14.0,9235.508712877716,0.0005077105654702737,200,collapsed,fixed
763,14.0,9108.674294099226,0.0005077105654702737,200,collapsed,fixed
764,16.0,9176.237087711683,0.0005077105654702737,200,collapsed,fixed
765,15.0,8849.109465329404,0.0005077105654702737,200,collapsed,fixed
766,14.0,9355.752257423785,0.0005077105654702737,200,collapsed,fixed
767,15.0,8613.291941338783,0.0005077105654702737,200,collapsed,fixed
768,15.0,10765.867359342392,0.0005077105654702737,200,collapsed,fixed
769,14.0,9077.852472501294,0.0005077105654702737,200,collapsed,fixed
770,15.0,9617.485550558415,0.0005077105654702737,200,collapsed,fixed
771,15.0,9056.172724922335,0.0005077105654702737,200,collapsed,fixed
772,14.0,9612.690413378728,0.0005077105654702737,200,collapsed,fixed
773,16.0,9074.919431806564,0.0005077105654702737,200,collapsed,fixed
774,15.0,9455.127978050868,0.0005077105654702737,200,collapsed,fixed
775,16.0,9204.74470349297,0.0005077105654702737,200,collapsed,fixed
776,15.0,9562.49826509665,0.0005077105654702737,200,collapsed,fixed
777,16.0,9694.1310302796,0.0005077105654702737,200,collapsed,fixed
778,16.0,9168.60677509557,0.0005077105654702737,200,collapsed,fixed
779,15.0,8593.47296723231,0.0005077105654702737,200,collapsed,fixed
780,14.0,9079.944802545006,0.0005077105654702737,200,collapsed,fixed
781,16.0,9472.037985029274,0.0005077105654702737,200,collapsed,fixed
782,14.0,8830.31977777986,0.0005077105654702737,200,collapsed,fixed
783,14.0,9654.790120767722,0.0005077105654702737,200,collapsed,fixed
784,16.0,9854.359547622742,0.0005077105654702737,200,collapsed,fixed
785,16.0,9381.299520904826,0.0005077105654702737,200,collapsed,fixed
786,14.0,9590.931630523506,0.0005077105654702737,200,collapsed,fixed
787,14.0,9418.250875727159,0.0005077105654702737,200,collapsed,fixed
788,15.0,10245.945294405594,0.0005077105654702737,200,collapsed,fixed
789,14.0,9583.542231275263,0.0005077105654702737,200,collapsed,fixed
790,15.0,9078.781172986875,0.0005077105654702737,200,collapsed,fixed
791,15.0,9810.02535412411,0.0005077105654702737,200,collapsed,fixed
792,15.0,9337.987500964091,0.0005077105654702737,200,collapsed,fixed
793,14.0,9061.13175480208,0.0005077105654702737,200,collapsed,fixed
794,14.0,8982.891131347136,0.0005077105654702737,200,collapsed,fixed
795,14.0,10157.1706896971,0.0005077105654702737,200,collapsed,fixed
796,17.0,8735.318601161378,0.0005077105654702737,200,collapsed,fixed
797,15.0,9435.36361251157,0.0005077105654702737,200,collapsed,fixed
798,16.0,9495.939770140993,0.0005077105654702737,200,collapsed,fixed
799,15.0,9014.751354914793,0.0005077105654702737,200,collapsed,fixed
800,17.0,22522.286811616264,0.00020573481879311472,500,collapsed,fixed
801,17.0,22569.782310823728,0.00020573481879311472,500,collapsed,fixed
802,16.0,24097.61263936812,0.00020573481879311472,500,collapsed,fixed
803,15.0,22410.794336711122,0.00020573481879311472,500,collapsed,fixed
804,17.0,23793.767563686284,0.00020573481879311472,500,collapsed,fixed
805,16.0,22956.776616036932,0.00020573481879311472,500,collapsed,fixed
806,16.0,21659.213467947295,0.00020573481879311472,500,collapsed,fixed
807,19.0,23173.971643183522,0.00020573481879311472,500,collapsed,fixed
808,16.0,22904.225091856515,0.00020573481879311472,500,collapsed,fixed
809,15.0,23144.84143391707,0.00020573481879311472,500,collapsed,fixed
810,15.0,23841.838062261086,0.00020573481879311472,500,collapsed,fixed
811,17.0,23670.69738090433,0.00020573481879311472,500,collapsed,fixed
812,16.0,25094.53269300232,0.00020573481879311472,500,collapsed,fixed
813,17.0,22834.321384497838,0.00020573481879311472,500,collapsed,fixed
814,16.0,22557.43583475694,0.00020573481879311472,500,collapsed,fixed
815,16.0,22936.141112345715,0.00020573481879311472,500,collapsed,fixed
816,16.0,24336.96312110705,0.00020573481879311472,500,collapsed,fixed
817,17.0,23207.114450914058,0.00020573481879311472,500,collapsed,fixed
818,16.0,24766.763517867825,0.00020573481879311472,500,collapsed,fixed
819,16.0,23369.462422742392,0.00020573481879311472,500,collapsed,fixed
820,16.0,22555.600499163702,0.00020573481879311472,500,collapsed,fixed
821,16.0,23540.66282005614,0.00020573481879311472,500,collapsed,fixed
822,16.0,23423.820585513873,0.00020573481879311472,500,collapsed,fixed
823,15.0,22844.687385664613,0.00020573481879311472,500,collapsed,fixed
824,17.0,23282.328362721048,0.00020573481879311472,500,collapsed,fixed
825,17.0,24286.537132581685,0.00020573481879311472,500,collapsed,fixed
826,17.0,22967.43428918841,0.00020573481879311472,500,collapsed,fixed
827,16.0,22068.341319340274,0.00020573481879311472,500,collapsed,fixed
828,15.0,23288.823819019923,0.00020573481879311472,500,collapsed,fixed
829,16.0,23699.68522038162,0.00020573481879311472,500,collapsed,fixed
830,17.0,23512.978559794396,0.00020573481879311472,500,collapsed,fixed
831,16.0,21873.491861150604,0.00020573481879311472,500,collapsed,fixed
832,16.0,21359.013201582464,0.00020573481879311472,500,collapsed,fixed
833,17.0,23000.64081201448,0.00020573481879311472,500,collapsed,fixed
834,15.0,23700.852314775002,0.00020573481879311472,500,collapsed,fixed
835,17.0,23663.538407902142,0.00020573481879311472,500,collapsed,fixed
836,17.0,23484.90897030432,0.00020573481879311472,500,collapsed,fixed
837,16.0,23146.753453627367,0.00020573481879311472,500,collapsed,fixed
838,16.0,24009.593723448197,0.00020573481879311472,500,collapsed,fixed
839,16.0,22750.239565725686,0.00020573481879311472,500,collapsed,fixed
840,17.0,24098.200120746147,0.00020573481879311472,500,collapsed,fixed
841,16.0,23697.30486745016,0.00020573481879311472,500,collapsed,fixed
842,17.0,23436.572854257094,0.00020573481879311472,500,collapsed,fixed
843,17.0,22975.021295881677,0.00020573481879311472,500,collapsed,fixed
844,17.0,24373.835799656914,0.00020573481879311472,500,collapsed,fixed
845,16.0,24159.49444819655,0.00020573481879311472,500,collapsed,fixed
846,17.0,23598.73336359393,0.00020573481879311472,500,collapsed,fixed
847,17.0,23538.329017587315,0.00020573481879311472,500,collapsed,fixed
848,16.0,23310.160264329428,0.00020573481879311472,500,collapsed,fixed
849,16.0,23501.184656642272,0.00020573481879311472,500,collapsed,fixed
850,18.0,22797.8144267701,0.00020573481879311472,500,collapsed,fixed
851,16.0,22653.95650219662,0.00020573481879311472,500,collapsed,fixed
852,16.0,23912.00575223806,0.00020573481879311472,500,collapsed,fixed
853,17.0,23686.138361904446,0.00020573481879311472,500,collapsed,fixed
854,16.0,23794.18134736667,0.00020573481879311472,500,collapsed,fixed
855,16.0,22976.364214116064,0.00020573481879311472,500,collapsed,fixed
856,17.0,23379.80471720037,0.00020573481879311472,500,collapsed,fixed
857,17.0,23637.892506073465,0.00020573481879311472,500,collapsed,fixed
858,15.0,23024.30803592952,0.00020573481879311472,500,collapsed,fixed
859,16.0,21722.85407538548,0.00020573481879311472,500,collapsed,fixed
860,17.0,24652.131444711787,0.00020573481879311472,500,collapsed,fixed
861,16.0,24206.85873319061,0.00020573481879311472,500,collapsed,fixed
862,16.0,22618.003475977155,0.00020573481879311472,500,collapsed,fixed
863,18.0,24184.458900072186,0.00020573481879311472,500,collapsed,fixed
864,16.0,23735.77678465382,0.00020573481879311472,500,collapsed,fixed
865,15.0,24473.750482437506,0.00020573481879311472,500,collapsed,fixed
866,16.0,22191.43376805864,0.00020573481879311472,500,collapsed,fixed
867,17.0,24061.328010333804,0.00020573481879311472,500,collapsed,fixed
868,16.0,21141.867494652783,0.00020573481879311472,500,collapsed,fixed
869,16.0,24766.506452237852,0.00020573481879311472,500,collapsed,fixed
870,17.0,23925.417674527358,0.00020573481879311472,500,collapsed,fixed
871,15.0,23630.640412562414,0.00020573481879311472,500,collapsed,fixed
872,16.0,24079.147976461252,0.00020573481879311472,500,collapsed,fixed
873,16.0,23119.363808747392,0.00020573481879311472,500,collapsed,fixed
874,16.0,25368.03060601793,0.00020573481879311472,500,collapsed,fixed
875,17.0,23771.479790186302,0.00020573481879311472,500,collapsed,fixed
876,15.0,22905.06916254195,0.00020573481879311472,500,collapsed,fixed
877,15.0,23303.4023256623,0.00020573481879311472,500,collapsed,fixed
878,17.0,22285.88515241871,0.00020573481879311472,500,collapsed,fixed
879,16.0,23005.39698724367,0.00020573481879311472,500,collapsed,fixed
880,17.0,23229.0906488264,0.00020573481879311472,500,collapsed,fixed
881,17.0,24421.407977975236,0.00020573481879311472,500,collapsed,fixed
882,16.0,22818.362665365654,0.00020573481879311472,500,collapsed,fixed
883,18.0,22424.662105188523,0.00020573481879311472,500,collapsed,fixed
884,16.0,23197.28379113207,0.00020573481879311472,500,collapsed,fixed
885,16.0,21993.335353095157,0.00020573481879311472,500,collapsed,fixed
886,15.0,22747.580271064657,0.00020573481879311472,500,collapsed,fixed
887,15.0,23385.33316239529,0.00020573481879311472,500,collapsed,fixed
888,16.0,22665.12430174552,0.00020573481879311472,500,collapsed,fixed
889,16.0,22468.435709662703,0.00020573481879311472,500,collapsed,fixed
890,16.0,23946.663396199176,0.00020573481879311472,500,collapsed,fixed
891,17.0,23962.07792114493,0.00020573481879311472,500,collapsed,fixed
892,15.0,22830.894559757468,0.00020573481879311472,500,collapsed,fixed
893,17.0,21636.058081558695,0.00020573481879311472,500,collapsed,fixed
894,15.0,23306.338689443823,0.00020573481879311472,500,collapsed,fixed
895,18.0,23157.948770059924,0.00020573481879311472,500,collapsed,fixed
896,16.0,23044.059255275446,0.00020573481879311472,500,collapsed,fixed
897,17.0,23216.964328476846,0.00020573481879311472,500,collapsed,fixed
898,17.0,22188.206763245886,0.00020573481879311472,500,collapsed,fixed
899,16.0,21737.84226528994,0.00020573481879311472,500,collapsed,fixed
900,19.0,46490.45687018455,9.824685497133254e-05,1000,collapsed,fixed
901,18.0,47392.19679314761,9.824685497133254e-05,1000,collapsed,fixed
902,21.0,46445.3698393942,9.824685497133254e-05,1000,collapsed,fixed
903,18.0,46436.97601656294,9.824685497133254e-05,1000,collapsed,fixed
904,18.0,47564.133410743605,9.824685497133254e-05,1000,collapsed,fixed
905,18.0,45584.51312078917,9.824685497133254e-05,1000,collapsed,fixed
906,18.0,47820.25021621417,9.824685497133254e-05,1000,collapsed,fixed
907,18.0,45721.75913052985,9.824685497133254e-05,1000,collapsed,fixed
908,18.0,47772.93838877176,9.824685497133254e-05,1000,collapsed,fixed
909,18.0,46005.69002252049,9.824685497133254e-05,1000,collapsed,fixed
910,18.0,46260.10217673927,9.824685497133254e-05,1000,collapsed,fixed
911,18.0,47125.46332943769,9.824685497133254e-05,1000,collapsed,fixed
912,19.0,45249.19935166171,9.824685497133254e-05,1000,collapsed,fixed
913,17.0,48825.24969666902,9.824685497133254e-05,1000,collapsed,fixed
914,18.0,47323.01658983456,9.824685497133254e-05,1000,collapsed,fixed
915,18.0,47149.23957169224,9.824685497133254e-05,1000,collapsed,fixed
916,19.0,47325.889801701356,9.824685497133254e-05,1000,collapsed,fixed
917,19.0,46815.42262219371,9.824685497133254e-05,1000,collapsed,fixed
918,20.0,48409.54872666347,9.824685497133254e-05,1000,collapsed,fixed
919,18.0,47179.85192358438,9.824685497133254e-05,1000,collapsed,fixed
920,19.0,46387.63308526906,9.824685497133254e-05,1000,collapsed,fixed
921,19.0,45381.43657008187,9.824685497133254e-05,1000,collapsed,fixed
922,18.0,46670.47028638829,9.824685497133254e-05,1000,collapsed,fixed
923,18.0,48337.42578654892,9.824685497133254e-05,1000,collapsed,fixed
924,18.0,45488.48346994946,9.824685497133254e-05,1000,collapsed,fixed
925,18.0,46534.19601364896,9.824685497133254e-05,1000,collapsed,fixed
926,19.0,46514.077682803174,9.824685497133254e-05,1000,collapsed,fixed
927,18.0,47754.64082890054,9.824685497133254e-05,1000,collapsed,fixed
928,18.0,45259.81103268745,9.824685497133254e-05,1000,collapsed,fixed
929,18.0,45976.64572735082,9.824685497133254e-05,1000,collapsed,fixed
930,18.0,47470.5624757075,9.824685497133254e-05,1000,collapsed,fixed
931,19.0,47915.01809455356,9.824685497133254e-05,1000,collapsed,fixed
932,18.0,46845.16254513791,9.824685497133254e-05,1000,collapsed,fixed
933,18.0,47772.52748747586,9.824685497133254e-05,1000,collapsed,fixed
934,18.0,46602.52243027592,9.824685497133254e-05,1000,collapsed,fixed
935,17.0,46946.42487139429,9.824685497133254e-05,1000,collapsed,fixed
936,19.0,45832.9974597985,9.824685497133254e-05,1000,collapsed,fixed
937,18.0,47653.83394965796,9.824685497133254e-05,1000,collapsed,fixed
938,19.0,47023.83928449797,9.824685497133254e-05,1000,collapsed,fixed
939,18.0,47649.07791678052,9.824685497133254e-05,1000,collapsed,fixed
940,18.0,47836.03284129029,9.824685497133254e-05,1000,collapsed,fixed
941,19.0,45113.826909951356,9.824685497133254e-05,1000,collapsed,fixed
942,18.0,49571.88944528754,9.824685497133254e-05,1000,collapsed,fixed
943,18.0,45624.722296889246,9.824685497133254e-05,1000,collapsed,fixed
944,18.0,45807.07093813397,9.824685497133254e-05,1000,collapsed,fixed
945,18.0,47890.711592601874,9.824685497133254e-05,1000,collapsed,fixed
946,18.0,45953.87173574002,9.824685497133254e-05,1000,collapsed,fixed
947,18.0,45430.44235867764,9.824685497133254e-05,1000,collapsed,fixed
948,19.0,48134.610388317866,9.824685497133254e-05,1000,collapsed,fixed
949,18.0,45837.04033414941,9.824685497133254e-05,1000,collapsed,fixed
950,18.0,45288.622689844364,9.824685497133254e-05,1000,collapsed,fixed
951,19.0,46211.882338747506,9.824685497133254e-05,1000,collapsed,fixed
952,18.0,47589.618588444086,9.824685497133254e-05,1000,collapsed,fixed
953,18.0,47963.53162945842,9.824685497133254e-05,1000,collapsed,fixed
954,18.0,46415.13598115459,9.824685497133254e-05,1000,collapsed,fixed
955,18.0,48102.73335695253,9.824685497133254e-05,1000,collapsed,fixed
956,18.0,44680.291503839784,9.824685497133254e-05,1000,collapsed,fixed
957,17.0,46728.62100151145,9.824685497133254e-05,1000,collapsed,fixed
958,18.0,48060.18429072839,9.824685497133254e-05,1000,collapsed,fixed
959,19.0,48357.08861595066,9.824685497133254e-05,1000,collapsed,fixed
960,19.0,48248.00190852835,9.824685497133254e-05,1000,collapsed,fixed
961,17.0,46869.26513998105,9.824685497133254e-05,1000,collapsed,fixed
962,17.0,46047.30454073557,9.824685497133254e-05,1000,collapsed,fixed
963,18.0,47317.42328309277,9.824685497133254e-05,1000,collapsed,fixed
964,18.0,46824.87509515835,9.824685497133254e-05,1000,collapsed,fixed
965,18.0,47185.83316526153,9.824685497133254e-05,1000,collapsed,fixed
966,18.0,48851.71529141724,9.824685497133254e-05,1000,collapsed,fixed
967,18.0,45943.18453288119,9.824685497133254e-05,1000,collapsed,fixed
968,18.0,47306.8811558302,9.824685497133254e-05,1000,collapsed,fixed
969,18.0,45670.6377075029,9.824685497133254e-05,1000,collapsed,fixed
970,18.0,48450.677494862604,9.824685497133254e-05,1000,collapsed,fixed
971,18.0,46143.438826166246,9.824685497133254e-05,1000,collapsed,fixed
972,18.0,47915.11817373824,9.824685497133254e-05,1000,collapsed,fixed
973,18.0,48369.277970365765,9.824685497133254e-05,1000,collapsed,fixed
974,18.0,49043.93759475457,9.824685497133254e-05,1000,collapsed,fixed
975,18.0,47944.32071816833,9.824685497133254e-05,1000,collapsed,fixed
976,18.0,49211.52676706114,9.824685497133254e-05,1000,collapsed,fixed
977,18.0,47364.70245201984,9.824685497133254e-05,1000,collapsed,fixed
978,18.0,48039.07510722689,9.824685497133254e-05,1000,collapsed,fixed
979,20.0,48192.747741022395,9.824685497133254e-05,1000,collapsed,fixed
980,19.0,48292.98767445722,9.824685497133254e-05,1000,collapsed,fixed
981,18.0,45669.72709698815,9.824685497133254e-05,1000,collapsed,fixed
982,18.0,48620.722223281875,9.824685497133254e-05,1000,collapsed,fixed
983,18.0,47533.255266561006,9.824685497133254e-05,1000,collapsed,fixed
984,19.0,46444.102392952635,9.824685497133254e-05,1000,collapsed,fixed
985,18.0,47798.379042905035,9.824685497133254e-05,1000,collapsed,fixed
986,18.0,46836.4372342956,9.824685497133254e-05,1000,collapsed,fixed
987,18.0,47360.586097539795,9.824685497133254e-05,1000,collapsed,fixed
988,18.0,46484.344620223324,9.824685497133254e-05,1000,collapsed,fixed
989,18.0,48515.149480537315,9.824685497133254e-05,1000,collapsed,fixed
990,17.0,47318.81612415771,9.824685497133254e-05,1000,collapsed,fixed
991,18.0,49068.088252930225,9.824685497133254e-05,1000,collapsed,fixed
992,18.0,48462.119510776385,9.824685497133254e-05,1000,collapsed,fixed
993,17.0,46742.7362604112,9.824685497133254e-05,1000,collapsed,fixed
994,18.0,46008.67611364672,9.824685497133254e-05,1000,collapsed,fixed
995,18.0,47596.93897506484,9.824685497133254e-05,1000,collapsed,fixed
996,18.0,45526.16496855287,9.824685497133254e-05,1000,collapsed,fixed
997,18.0,48211.5197040842,9.824685497133254e-05,1000,collapsed,fixed
998,18.0,46855.16186261077,9.824685497133254e-05,1000,collapsed,fixed
999,18.0,46366.02631996695,9.824685497133254e-05,1000,collapsed,fixed
