Unnamed: 0,t,dist,I,coll,var
0,57.0,1078.239804195773,50,vanilla,fixed
1,40.0,1359.4773005629715,50,vanilla,fixed
2,49.0,923.3936714894926,50,vanilla,fixed
3,57.0,1062.8586524796403,50,vanilla,fixed
4,60.0,881.9324388329071,50,vanilla,fixed
5,70.0,1143.3300809252623,50,vanilla,fixed
6,50.0,1289.206089656746,50,vanilla,fixed
7,48.0,1096.5982122578894,50,vanilla,fixed
8,37.0,1259.6202747393056,50,vanilla,fixed
9,53.0,1345.2706275688297,50,vanilla,fixed
10,57.0,1109.1924969737825,50,vanilla,fixed
11,48.0,1228.0070379212516,50,vanilla,fixed
12,58.0,1006.7856922653228,50,vanilla,fixed
13,45.0,1206.7366528778164,50,vanilla,fixed
14,95.0,1221.0231038450786,50,vanilla,fixed
15,98.0,1246.4370281587976,50,vanilla,fixed
16,39.0,1228.7289971010964,50,vanilla,fixed
17,52.0,1228.1094189055018,50,vanilla,fixed
18,85.0,1306.1774314211225,50,vanilla,fixed
19,50.0,1082.852236057205,50,vanilla,fixed
20,97.0,1016.8605140300554,50,vanilla,fixed
21,49.0,1118.832835604842,50,vanilla,fixed
22,42.0,1013.3339798918342,50,vanilla,fixed
23,54.0,985.2221350448904,50,vanilla,fixed
24,43.0,799.4950259379497,50,vanilla,fixed
25,50.0,811.5890337852418,50,vanilla,fixed
26,42.0,1013.068286113694,50,vanilla,fixed
27,83.0,1215.2691921957742,50,vanilla,fixed
28,60.0,1262.7267213218577,50,vanilla,fixed
29,45.0,1107.4264165642855,50,vanilla,fixed
30,62.0,1264.477324057538,50,vanilla,fixed
31,37.0,1325.902138799544,50,vanilla,fixed
32,115.0,1321.255930617457,50,vanilla,fixed
33,32.0,1102.9366916831086,50,vanilla,fixed
34,62.0,1224.4650215704248,50,vanilla,fixed
35,60.0,1143.106334285348,50,vanilla,fixed
36,59.0,1117.4186036887943,50,vanilla,fixed
37,58.0,1038.855141546381,50,vanilla,fixed
38,51.0,987.225034677441,50,vanilla,fixed
39,48.0,1045.7970375562693,50,vanilla,fixed
40,61.0,1264.2821916619098,50,vanilla,fixed
41,52.0,1046.3443499047974,50,vanilla,fixed
42,68.0,1241.0016703873816,50,vanilla,fixed
43,45.0,907.5669107816506,50,vanilla,fixed
44,19.0,989.2440874203238,50,vanilla,fixed
45,53.0,829.2841857565251,50,vanilla,fixed
46,60.0,1232.9976136143616,50,vanilla,fixed
47,54.0,1224.996890234924,50,vanilla,fixed
48,56.0,1213.9723321136862,50,vanilla,fixed
49,102.0,1189.4264149510375,50,vanilla,fixed
50,103.0,1249.630072206682,50,vanilla,fixed
51,35.0,1300.1349032290116,50,vanilla,fixed
52,41.0,1109.813254494882,50,vanilla,fixed
53,105.0,1118.7344078174865,50,vanilla,fixed
54,51.0,962.8598451740868,50,vanilla,fixed
55,58.0,1088.7401276880971,50,vanilla,fixed
56,45.0,883.4738102958697,50,vanilla,fixed
57,62.0,989.8374061001316,50,vanilla,fixed
58,49.0,770.904227537206,50,vanilla,fixed
59,57.0,1286.690057816338,50,vanilla,fixed
60,65.0,1083.2760672904656,50,vanilla,fixed
61,46.0,1141.8629956312398,50,vanilla,fixed
62,50.0,1005.1756237172688,50,vanilla,fixed
63,41.0,1216.7304576830566,50,vanilla,fixed
64,48.0,840.768239146431,50,vanilla,fixed
65,62.0,1248.3284114022904,50,vanilla,fixed
66,89.0,878.9493580501029,50,vanilla,fixed
67,59.0,1050.8248173408958,50,vanilla,fixed
68,35.0,1040.5804174115729,50,vanilla,fixed
69,41.0,1200.9345304088058,50,vanilla,fixed
70,47.0,1153.002984066571,50,vanilla,fixed
71,50.0,999.30316493483,50,vanilla,fixed
72,59.0,1283.035147415941,50,vanilla,fixed
73,62.0,1302.199447691865,50,vanilla,fixed
74,48.0,1060.200383789568,50,vanilla,fixed
75,38.0,1274.056412155823,50,vanilla,fixed
76,50.0,1149.0704946563026,50,vanilla,fixed
77,69.0,937.9560492194888,50,vanilla,fixed
78,48.0,977.8631431285864,50,vanilla,fixed
79,43.0,978.7986610658678,50,vanilla,fixed
80,49.0,1215.8465369210955,50,vanilla,fixed
81,47.0,1366.4224454524135,50,vanilla,fixed
82,56.0,1140.9269893769992,50,vanilla,fixed
83,23.0,1100.4715720402485,50,vanilla,fixed
84,50.0,1202.5344387429914,50,vanilla,fixed
85,72.0,1265.3225844644996,50,vanilla,fixed
86,97.0,1047.159045213392,50,vanilla,fixed
87,21.0,1205.8944458366618,50,vanilla,fixed
88,37.0,933.3395539504564,50,vanilla,fixed
89,50.0,1266.1959020402223,50,vanilla,fixed
90,39.0,877.8087199653512,50,vanilla,fixed
91,57.0,942.6593909694076,50,vanilla,fixed
92,53.0,1264.641784562879,50,vanilla,fixed
93,55.0,1427.0637374128355,50,vanilla,fixed
94,46.0,814.0466396979795,50,vanilla,fixed
95,53.0,952.674497463784,50,vanilla,fixed
96,58.0,1149.0286138786882,50,vanilla,fixed
97,62.0,1210.0498128912448,50,vanilla,fixed
98,55.0,1056.8213683368435,50,vanilla,fixed
99,56.0,1082.1984809341104,50,vanilla,fixed
100,41.0,1274.3701322505551,50,vanilla,fixed
101,50.0,1078.2285552130663,50,vanilla,fixed
102,57.0,1385.899729745407,50,vanilla,fixed
103,89.0,1083.8811001771296,50,vanilla,fixed
104,50.0,1103.7763812704195,50,vanilla,fixed
105,51.0,1011.3028331725676,50,vanilla,fixed
106,58.0,1217.6357728054395,50,vanilla,fixed
107,39.0,932.6962249161616,50,vanilla,fixed
108,53.0,1239.6848819047316,50,vanilla,fixed
109,27.0,950.1707312312576,50,vanilla,fixed
110,55.0,1082.7369510744034,50,vanilla,fixed
111,42.0,885.9921540419941,50,vanilla,fixed
112,98.0,1319.6596850175306,50,vanilla,fixed
113,88.0,1010.94830031424,50,vanilla,fixed
114,98.0,823.3030423626781,50,vanilla,fixed
115,47.0,916.6124760264092,50,vanilla,fixed
116,59.0,982.1141525140598,50,vanilla,fixed
117,56.0,1092.4590175119602,50,vanilla,fixed
118,45.0,1253.3825601042493,50,vanilla,fixed
119,54.0,1061.3658574469555,50,vanilla,fixed
120,39.0,903.8529621247234,50,vanilla,fixed
121,40.0,1208.567772943549,50,vanilla,fixed
122,57.0,1167.929691026898,50,vanilla,fixed
123,92.0,1102.853575932378,50,vanilla,fixed
124,90.0,874.7431339467837,50,vanilla,fixed
125,59.0,1035.1430505908177,50,vanilla,fixed
126,43.0,1058.758490107792,50,vanilla,fixed
127,42.0,751.0353151156495,50,vanilla,fixed
128,42.0,964.448575375014,50,vanilla,fixed
129,54.0,1141.8532126251062,50,vanilla,fixed
130,51.0,841.5186146403933,50,vanilla,fixed
131,57.0,1230.3570936839392,50,vanilla,fixed
132,45.0,1038.3826475154258,50,vanilla,fixed
133,53.0,935.597347623724,50,vanilla,fixed
134,46.0,1324.374278388948,50,vanilla,fixed
135,55.0,1241.569258309383,50,vanilla,fixed
136,50.0,1178.809986290236,50,vanilla,fixed
137,47.0,847.2575121953088,50,vanilla,fixed
138,58.0,1013.8897916586088,50,vanilla,fixed
139,53.0,1185.395989521111,50,vanilla,fixed
140,53.0,1074.6642672990934,50,vanilla,fixed
141,59.0,1018.9477473075224,50,vanilla,fixed
142,54.0,925.611935232466,50,vanilla,fixed
143,48.0,1168.4853168225532,50,vanilla,fixed
144,61.0,1001.5721868115972,50,vanilla,fixed
145,40.0,1066.3330571874185,50,vanilla,fixed
146,48.0,892.7839413690472,50,vanilla,fixed
147,49.0,1165.6955783118824,50,vanilla,fixed
148,49.0,1035.2571120940145,50,vanilla,fixed
149,63.0,1203.192004808002,50,vanilla,fixed
150,131.0,1516.9701511854712,50,vanilla,fixed
151,48.0,932.741807127134,50,vanilla,fixed
152,49.0,1252.2411478463664,50,vanilla,fixed
153,44.0,1307.283772216743,50,vanilla,fixed
154,47.0,1419.5385212165083,50,vanilla,fixed
155,44.0,775.2449451744205,50,vanilla,fixed
156,46.0,1331.7118718982329,50,vanilla,fixed
157,52.0,1328.9609502701535,50,vanilla,fixed
158,55.0,1021.3862660705632,50,vanilla,fixed
159,58.0,1412.6206459827215,50,vanilla,fixed
160,41.0,1020.1646937245032,50,vanilla,fixed
161,47.0,953.1597970166074,50,vanilla,fixed
162,54.0,1340.6384076577222,50,vanilla,fixed
163,52.0,1264.3567865145951,50,vanilla,fixed
164,31.0,739.5961735121567,50,vanilla,fixed
165,56.0,1332.797377329447,50,vanilla,fixed
166,63.0,1229.91277383251,50,vanilla,fixed
167,44.0,925.8070651446768,50,vanilla,fixed
168,46.0,956.3278060493672,50,vanilla,fixed
169,44.0,1094.0988912251778,50,vanilla,fixed
170,53.0,1092.6120817540984,50,vanilla,fixed
171,54.0,1060.1431201411417,50,vanilla,fixed
172,52.0,1086.4192263108723,50,vanilla,fixed
173,51.0,1264.387566152273,50,vanilla,fixed
174,47.0,1253.842350836924,50,vanilla,fixed
175,43.0,1180.375391006893,50,vanilla,fixed
176,63.0,1270.2239863799489,50,vanilla,fixed
177,36.0,1028.5406878735334,50,vanilla,fixed
178,88.0,915.5182312893966,50,vanilla,fixed
179,30.0,1001.8320281015326,50,vanilla,fixed
180,71.0,934.803734720429,50,vanilla,fixed
181,54.0,1282.888230568159,50,vanilla,fixed
182,57.0,1035.491454018117,50,vanilla,fixed
183,57.0,1405.6655315280273,50,vanilla,fixed
184,47.0,1194.603243194866,50,vanilla,fixed
185,53.0,977.6501022486532,50,vanilla,fixed
186,50.0,1108.694282876575,50,vanilla,fixed
187,64.0,1363.4399150550328,50,vanilla,fixed
188,59.0,1182.8500581725516,50,vanilla,fixed
189,58.0,1065.388623228127,50,vanilla,fixed
190,51.0,1045.7321707187537,50,vanilla,fixed
191,57.0,1008.7928799251138,50,vanilla,fixed
192,44.0,1199.9072306205685,50,vanilla,fixed
193,50.0,924.3366369906186,50,vanilla,fixed
194,53.0,1159.2986750638595,50,vanilla,fixed
195,93.0,916.1304278602826,50,vanilla,fixed
196,81.0,1129.1130791294213,50,vanilla,fixed
197,42.0,1022.457326606577,50,vanilla,fixed
198,50.0,915.8745887912676,50,vanilla,fixed
199,39.0,1105.775704598259,50,vanilla,fixed
200,69.0,1999.0515353430792,100,vanilla,fixed
201,61.0,2102.3648582285296,100,vanilla,fixed
202,54.0,1697.92754320921,100,vanilla,fixed
203,68.0,1795.603518886807,100,vanilla,fixed
204,57.0,2007.848972364246,100,vanilla,fixed
205,28.0,1971.080468993772,100,vanilla,fixed
206,61.0,1961.7814805559576,100,vanilla,fixed
207,46.0,2163.546728296614,100,vanilla,fixed
208,45.0,2191.531361885124,100,vanilla,fixed
209,62.0,2114.827860691892,100,vanilla,fixed
210,61.0,1679.554021106335,100,vanilla,fixed
211,67.0,2201.5541082412456,100,vanilla,fixed
212,103.0,2052.595711328021,100,vanilla,fixed
213,57.0,2190.1372267042466,100,vanilla,fixed
214,71.0,1985.2394978989803,100,vanilla,fixed
215,17.0,2274.919085441849,100,vanilla,fixed
216,75.0,1962.8328287249024,100,vanilla,fixed
217,66.0,2266.9303179163176,100,vanilla,fixed
218,71.0,2284.7536464335844,100,vanilla,fixed
219,64.0,2189.710925891523,100,vanilla,fixed
220,54.0,2421.159778982157,100,vanilla,fixed
221,66.0,2243.91854710619,100,vanilla,fixed
222,65.0,1899.1434267726263,100,vanilla,fixed
223,65.0,1991.8909082736425,100,vanilla,fixed
224,66.0,2140.826258251442,100,vanilla,fixed
225,42.0,2135.575363340492,100,vanilla,fixed
226,49.0,2106.796398472533,100,vanilla,fixed
227,47.0,2381.6021823581664,100,vanilla,fixed
228,51.0,2168.7234286273283,100,vanilla,fixed
229,57.0,2082.935925483275,100,vanilla,fixed
230,66.0,1935.222233715685,100,vanilla,fixed
231,52.0,1960.7393749486453,100,vanilla,fixed
232,66.0,2523.5673389335234,100,vanilla,fixed
233,56.0,2257.91293737212,100,vanilla,fixed
234,61.0,2050.5315535596555,100,vanilla,fixed
235,55.0,2174.5703605290755,100,vanilla,fixed
236,64.0,2081.6532656065874,100,vanilla,fixed
237,51.0,2109.3083907094347,100,vanilla,fixed
238,36.0,1699.3211756118108,100,vanilla,fixed
239,64.0,2025.8829751753765,100,vanilla,fixed
240,75.0,2056.4275940266853,100,vanilla,fixed
241,66.0,2023.722940434976,100,vanilla,fixed
242,53.0,1808.302765324373,100,vanilla,fixed
243,84.0,2146.633721787912,100,vanilla,fixed
244,68.0,1951.3413079630084,100,vanilla,fixed
245,68.0,2147.44898875679,100,vanilla,fixed
246,106.0,1987.781672774793,100,vanilla,fixed
247,54.0,2334.164680923127,100,vanilla,fixed
248,64.0,2269.5425557515546,100,vanilla,fixed
249,116.0,2131.345128626058,100,vanilla,fixed
250,115.0,2141.1182779285496,100,vanilla,fixed
251,66.0,2032.62447388816,100,vanilla,fixed
252,54.0,1978.0476537039176,100,vanilla,fixed
253,51.0,2079.853988623602,100,vanilla,fixed
254,58.0,2235.1889860422034,100,vanilla,fixed
255,62.0,1903.894236978443,100,vanilla,fixed
256,53.0,2143.9244645118856,100,vanilla,fixed
257,51.0,2138.053688838995,100,vanilla,fixed
258,64.0,2042.787646130588,100,vanilla,fixed
259,59.0,2293.4206162637856,100,vanilla,fixed
260,76.0,2131.799994093939,100,vanilla,fixed
261,66.0,2015.4050996776923,100,vanilla,fixed
262,46.0,2249.8025649900537,100,vanilla,fixed
263,60.0,1886.875053041488,100,vanilla,fixed
264,58.0,2177.130515147904,100,vanilla,fixed
265,66.0,1954.574942087355,100,vanilla,fixed
266,49.0,1963.950593920306,100,vanilla,fixed
267,56.0,2343.5425612721697,100,vanilla,fixed
268,62.0,1769.467438376156,100,vanilla,fixed
269,47.0,2019.6009330900715,100,vanilla,fixed
270,71.0,2437.727112401875,100,vanilla,fixed
271,95.0,1868.949643087678,100,vanilla,fixed
272,54.0,2183.131286568549,100,vanilla,fixed
273,57.0,1870.6293707487648,100,vanilla,fixed
274,68.0,2115.944358099168,100,vanilla,fixed
275,69.0,2184.439576123992,100,vanilla,fixed
276,67.0,2221.569681091508,100,vanilla,fixed
277,65.0,2562.668783239744,100,vanilla,fixed
278,60.0,1899.692949859635,100,vanilla,fixed
279,169.0,1982.2152498723312,100,vanilla,fixed
280,56.0,1829.2052989149145,100,vanilla,fixed
281,70.0,2083.7950541514674,100,vanilla,fixed
282,119.0,2266.24303852259,100,vanilla,fixed
283,35.0,2240.7064766521958,100,vanilla,fixed
284,48.0,2171.227404707538,100,vanilla,fixed
285,66.0,2008.0791475245944,100,vanilla,fixed
286,52.0,2012.6243397263024,100,vanilla,fixed
287,76.0,2320.3375356636384,100,vanilla,fixed
288,36.0,1940.236761401155,100,vanilla,fixed
289,50.0,2049.462196121122,100,vanilla,fixed
290,67.0,1829.303090616376,100,vanilla,fixed
291,56.0,2198.055620903728,100,vanilla,fixed
292,58.0,2157.007922528838,100,vanilla,fixed
293,72.0,2157.6587186068914,100,vanilla,fixed
294,60.0,2131.6187091220863,100,vanilla,fixed
295,36.0,1988.9984368961805,100,vanilla,fixed
296,63.0,1905.913729064496,100,vanilla,fixed
297,107.0,2380.6396166064555,100,vanilla,fixed
298,62.0,2077.8336064475006,100,vanilla,fixed
299,61.0,1988.0919266491403,100,vanilla,fixed
300,54.0,1871.8318692886148,100,vanilla,fixed
301,35.0,1855.934829078495,100,vanilla,fixed
302,99.0,2388.980923160153,100,vanilla,fixed
303,48.0,2337.541269772215,100,vanilla,fixed
304,51.0,1863.0634308960448,100,vanilla,fixed
305,44.0,2048.6314732108767,100,vanilla,fixed
306,29.0,2100.5904782605758,100,vanilla,fixed
307,37.0,1664.8397550008451,100,vanilla,fixed
308,65.0,2171.1700446453247,100,vanilla,fixed
309,76.0,2342.067977717981,100,vanilla,fixed
310,57.0,1705.932382671705,100,vanilla,fixed
311,73.0,2475.4113754964387,100,vanilla,fixed
312,74.0,1989.5955307618524,100,vanilla,fixed
313,69.0,2117.0412365079765,100,vanilla,fixed
314,61.0,2042.7551008513035,100,vanilla,fixed
315,41.0,1974.0938427239607,100,vanilla,fixed
316,71.0,1986.2998405383655,100,vanilla,fixed
317,55.0,1990.8108278839693,100,vanilla,fixed
318,53.0,1994.506224972933,100,vanilla,fixed
319,45.0,1942.323713263767,100,vanilla,fixed
320,50.0,1929.875147235957,100,vanilla,fixed
321,43.0,2361.929603556498,100,vanilla,fixed
322,90.0,2225.136604691936,100,vanilla,fixed
323,65.0,1898.3894579978528,100,vanilla,fixed
324,52.0,2161.7224770580438,100,vanilla,fixed
325,56.0,1823.7121545520156,100,vanilla,fixed
326,64.0,2385.581855341961,100,vanilla,fixed
327,71.0,1904.5729405087448,100,vanilla,fixed
328,60.0,2099.061271621761,100,vanilla,fixed
329,64.0,2282.7494677341224,100,vanilla,fixed
330,61.0,2231.906184800065,100,vanilla,fixed
331,66.0,2088.3080619099105,100,vanilla,fixed
332,52.0,2183.032607885428,100,vanilla,fixed
333,61.0,1804.255035543028,100,vanilla,fixed
334,69.0,1891.5451547526584,100,vanilla,fixed
335,60.0,2419.683008958448,100,vanilla,fixed
336,70.0,2339.432637164094,100,vanilla,fixed
337,70.0,2252.241447439086,100,vanilla,fixed
338,61.0,1883.646507134988,100,vanilla,fixed
339,64.0,2090.215257165472,100,vanilla,fixed
340,66.0,2205.581995777989,100,vanilla,fixed
341,64.0,1782.6737636557275,100,vanilla,fixed
342,53.0,1782.7735888613856,100,vanilla,fixed
343,57.0,1951.312007030366,100,vanilla,fixed
344,53.0,2335.8754028484755,100,vanilla,fixed
345,33.0,1999.3660745921727,100,vanilla,fixed
346,60.0,2050.5506688389664,100,vanilla,fixed
347,63.0,2192.713685139335,100,vanilla,fixed
348,62.0,2283.972551163042,100,vanilla,fixed
349,65.0,2361.9770830798007,100,vanilla,fixed
350,52.0,2117.536898394782,100,vanilla,fixed
351,57.0,2233.465434880877,100,vanilla,fixed
352,40.0,1929.8225579785392,100,vanilla,fixed
353,63.0,2388.125838511702,100,vanilla,fixed
354,65.0,2454.936448649025,100,vanilla,fixed
355,61.0,2076.347986526826,100,vanilla,fixed
356,71.0,2318.22881632026,100,vanilla,fixed
357,70.0,2557.152752159005,100,vanilla,fixed
358,60.0,1960.4950027168125,100,vanilla,fixed
359,64.0,2304.0738557376626,100,vanilla,fixed
360,70.0,2411.332812911793,100,vanilla,fixed
361,75.0,2012.7748172664535,100,vanilla,fixed
362,71.0,2174.3278820537944,100,vanilla,fixed
363,68.0,2410.2740165840914,100,vanilla,fixed
364,68.0,2302.372027123322,100,vanilla,fixed
365,54.0,2272.0923364020623,100,vanilla,fixed
366,74.0,2144.4305261704017,100,vanilla,fixed
367,58.0,2403.516849209946,100,vanilla,fixed
368,56.0,2201.5874432978303,100,vanilla,fixed
369,69.0,2290.7262808745013,100,vanilla,fixed
370,17.0,2274.603687310531,100,vanilla,fixed
371,72.0,2342.99844696723,100,vanilla,fixed
372,50.0,2247.737371516241,100,vanilla,fixed
373,109.0,2044.290883576674,100,vanilla,fixed
374,56.0,2706.5433996406346,100,vanilla,fixed
375,53.0,2169.682190842963,100,vanilla,fixed
376,71.0,2237.5686101016413,100,vanilla,fixed
377,77.0,2117.3884627013117,100,vanilla,fixed
378,65.0,2017.912758349071,100,vanilla,fixed
379,49.0,2227.134902337645,100,vanilla,fixed
380,80.0,2479.713400613696,100,vanilla,fixed
381,66.0,2142.22756872176,100,vanilla,fixed
382,53.0,1904.561181266755,100,vanilla,fixed
383,51.0,2250.3176842169714,100,vanilla,fixed
384,72.0,2394.919093295802,100,vanilla,fixed
385,53.0,2316.553542333482,100,vanilla,fixed
386,63.0,2442.713459195781,100,vanilla,fixed
387,57.0,2019.254875368957,100,vanilla,fixed
388,52.0,2068.680170282785,100,vanilla,fixed
389,45.0,1998.1343638915096,100,vanilla,fixed
390,46.0,1855.75790116356,100,vanilla,fixed
391,71.0,2097.8164924480675,100,vanilla,fixed
392,45.0,1986.3317757098223,100,vanilla,fixed
393,60.0,2525.1704536199795,100,vanilla,fixed
394,63.0,2087.3813987520257,100,vanilla,fixed
395,67.0,1966.7546744954848,100,vanilla,fixed
396,69.0,2155.12658479735,100,vanilla,fixed
397,64.0,2013.2610572475407,100,vanilla,fixed
398,66.0,2358.2091436134942,100,vanilla,fixed
399,101.0,2116.266934750864,100,vanilla,fixed
400,77.0,4975.990358731068,250,vanilla,fixed
401,81.0,5499.874030291267,250,vanilla,fixed
402,72.0,5289.525564829029,250,vanilla,fixed
403,74.0,5232.333072139085,250,vanilla,fixed
404,61.0,5269.714248446651,250,vanilla,fixed
405,86.0,4755.482070695647,250,vanilla,fixed
406,50.0,5228.093109160984,250,vanilla,fixed
407,77.0,5363.857769071497,250,vanilla,fixed
408,64.0,5141.642410523796,250,vanilla,fixed
409,74.0,5209.826894710748,250,vanilla,fixed
410,63.0,5309.251398687805,250,vanilla,fixed
411,80.0,5860.087057231903,250,vanilla,fixed
412,73.0,5135.536782692125,250,vanilla,fixed
413,66.0,5904.4191266214375,250,vanilla,fixed
414,82.0,5595.2352416494805,250,vanilla,fixed
415,74.0,5104.23027988799,250,vanilla,fixed
416,75.0,5263.695043337133,250,vanilla,fixed
417,76.0,4891.836607531856,250,vanilla,fixed
418,49.0,5389.72445015514,250,vanilla,fixed
419,70.0,5612.056200510308,250,vanilla,fixed
420,86.0,5457.178055844923,250,vanilla,fixed
421,79.0,5559.959067863869,250,vanilla,fixed
422,148.0,5497.61122867105,250,vanilla,fixed
423,70.0,5708.566361875772,250,vanilla,fixed
424,65.0,4955.355664129273,250,vanilla,fixed
425,68.0,5245.293758735835,250,vanilla,fixed
426,64.0,5401.317447513866,250,vanilla,fixed
427,52.0,5105.731829965542,250,vanilla,fixed
428,64.0,4564.971937445873,250,vanilla,fixed
429,78.0,4809.425764762597,250,vanilla,fixed
430,80.0,5268.309802525725,250,vanilla,fixed
431,72.0,4552.846653977201,250,vanilla,fixed
432,79.0,5629.806955352317,250,vanilla,fixed
433,63.0,5568.457131706933,250,vanilla,fixed
434,56.0,5129.041351007814,250,vanilla,fixed
435,86.0,5423.36238247069,250,vanilla,fixed
436,68.0,5612.317192867915,250,vanilla,fixed
437,82.0,5103.200982900905,250,vanilla,fixed
438,80.0,5249.580533980117,250,vanilla,fixed
439,54.0,5484.587825741475,250,vanilla,fixed
440,59.0,4719.081800072179,250,vanilla,fixed
441,72.0,5116.091760198691,250,vanilla,fixed
442,77.0,5947.972327592876,250,vanilla,fixed
443,65.0,5705.274512841848,250,vanilla,fixed
444,80.0,5399.716827256077,250,vanilla,fixed
445,85.0,5502.193702092964,250,vanilla,fixed
446,62.0,5520.937822461522,250,vanilla,fixed
447,66.0,5291.228854367664,250,vanilla,fixed
448,70.0,4998.10405513353,250,vanilla,fixed
449,56.0,5693.4362971807,250,vanilla,fixed
450,110.0,5242.084951829558,250,vanilla,fixed
451,78.0,4755.963871749212,250,vanilla,fixed
452,50.0,5788.135487890371,250,vanilla,fixed
453,70.0,5654.1220764315485,250,vanilla,fixed
454,53.0,5423.410483982094,250,vanilla,fixed
455,76.0,4903.85292959706,250,vanilla,fixed
456,69.0,5316.806767833499,250,vanilla,fixed
457,62.0,5568.348840090624,250,vanilla,fixed
458,77.0,4909.4106556508805,250,vanilla,fixed
459,138.0,4855.695894621134,250,vanilla,fixed
460,69.0,5757.358956721783,250,vanilla,fixed
461,81.0,4872.032657551273,250,vanilla,fixed
462,70.0,5378.280382969776,250,vanilla,fixed
463,80.0,5664.974852647892,250,vanilla,fixed
464,66.0,5195.138032851026,250,vanilla,fixed
465,84.0,4791.053906884697,250,vanilla,fixed
466,75.0,5735.183562061323,250,vanilla,fixed
467,76.0,5574.2876705482495,250,vanilla,fixed
468,55.0,5077.676874512164,250,vanilla,fixed
469,86.0,5117.073525866368,250,vanilla,fixed
470,83.0,4996.9183026739,250,vanilla,fixed
471,53.0,5440.711582834644,250,vanilla,fixed
472,68.0,5180.948537793288,250,vanilla,fixed
473,73.0,4406.410747263888,250,vanilla,fixed
474,75.0,5323.975683473585,250,vanilla,fixed
475,71.0,5408.794144999853,250,vanilla,fixed
476,70.0,5357.245265388613,250,vanilla,fixed
477,54.0,5496.323887587399,250,vanilla,fixed
478,43.0,4654.131665536502,250,vanilla,fixed
479,72.0,5723.360551653847,250,vanilla,fixed
480,83.0,5872.455476649283,250,vanilla,fixed
481,83.0,5257.55785115998,250,vanilla,fixed
482,72.0,5365.292751121509,250,vanilla,fixed
483,74.0,4981.4422907529,250,vanilla,fixed
484,46.0,5279.74723010504,250,vanilla,fixed
485,68.0,5620.200656557813,250,vanilla,fixed
486,55.0,5240.374069283906,250,vanilla,fixed
487,85.0,5909.684150856165,250,vanilla,fixed
488,63.0,5512.83838063633,250,vanilla,fixed
489,74.0,5346.878908005613,250,vanilla,fixed
490,86.0,5274.721550651661,250,vanilla,fixed
491,81.0,4973.85302353763,250,vanilla,fixed
492,83.0,5692.164129437754,250,vanilla,fixed
493,68.0,5335.833651690612,250,vanilla,fixed
494,54.0,5036.80200323106,250,vanilla,fixed
495,50.0,5507.437910611611,250,vanilla,fixed
496,60.0,5461.938894812329,250,vanilla,fixed
497,122.0,5156.389629913993,250,vanilla,fixed
498,73.0,5290.273218569645,250,vanilla,fixed
499,136.0,5862.540722636163,250,vanilla,fixed
500,62.0,4860.198535156334,250,vanilla,fixed
501,77.0,4992.590679059354,250,vanilla,fixed
502,69.0,5112.718067038374,250,vanilla,fixed
503,52.0,5074.436903838106,250,vanilla,fixed
504,82.0,5106.0720865048725,250,vanilla,fixed
505,65.0,5080.783889009673,250,vanilla,fixed
506,78.0,5874.224060190916,250,vanilla,fixed
507,70.0,4701.62440588486,250,vanilla,fixed
508,80.0,5076.00440328677,250,vanilla,fixed
509,81.0,5501.988204328981,250,vanilla,fixed
510,71.0,5174.303719565664,250,vanilla,fixed
511,72.0,4867.7871046417695,250,vanilla,fixed
512,68.0,5325.3624054171205,250,vanilla,fixed
513,70.0,5708.978391462735,250,vanilla,fixed
514,72.0,5717.735495641854,250,vanilla,fixed
515,182.0,4755.520422099321,250,vanilla,fixed
516,79.0,5635.064320487294,250,vanilla,fixed
517,68.0,5114.779614558381,250,vanilla,fixed
518,81.0,5209.779195273142,250,vanilla,fixed
519,66.0,5536.206474920878,250,vanilla,fixed
520,80.0,6188.691688268476,250,vanilla,fixed
521,64.0,5006.827470719616,250,vanilla,fixed
522,38.0,5010.156038854035,250,vanilla,fixed
523,74.0,5258.941328045308,250,vanilla,fixed
524,75.0,5458.878016637062,250,vanilla,fixed
525,78.0,5704.382793574826,250,vanilla,fixed
526,70.0,6143.301026206785,250,vanilla,fixed
527,72.0,5520.458424144936,250,vanilla,fixed
528,84.0,4450.503927837483,250,vanilla,fixed
529,128.0,5537.269099907934,250,vanilla,fixed
530,63.0,5594.741095884358,250,vanilla,fixed
531,39.0,5294.573863122564,250,vanilla,fixed
532,36.0,6001.979797920562,250,vanilla,fixed
533,65.0,5463.159031332491,250,vanilla,fixed
534,60.0,4791.722737998994,250,vanilla,fixed
535,62.0,5235.159123104953,250,vanilla,fixed
536,40.0,5251.572729544402,250,vanilla,fixed
537,55.0,5355.426071652303,250,vanilla,fixed
538,49.0,4746.234806493641,250,vanilla,fixed
539,60.0,5456.537287567844,250,vanilla,fixed
540,50.0,4802.590704828394,250,vanilla,fixed
541,64.0,5573.638364447068,250,vanilla,fixed
542,76.0,5267.657945004605,250,vanilla,fixed
543,54.0,4916.283853964961,250,vanilla,fixed
544,139.0,5376.971153382401,250,vanilla,fixed
545,76.0,5231.604852072074,250,vanilla,fixed
546,65.0,5631.520971696672,250,vanilla,fixed
547,56.0,5604.198970915268,250,vanilla,fixed
548,112.0,5142.024159428878,250,vanilla,fixed
549,84.0,5772.229432483059,250,vanilla,fixed
550,83.0,5171.80680465919,250,vanilla,fixed
551,79.0,4992.042318012212,250,vanilla,fixed
552,78.0,5331.42585026026,250,vanilla,fixed
553,49.0,5249.981384305274,250,vanilla,fixed
554,77.0,5208.307138670285,250,vanilla,fixed
555,48.0,5532.3515539325645,250,vanilla,fixed
556,127.0,5664.745526475554,250,vanilla,fixed
557,75.0,5404.795828626407,250,vanilla,fixed
558,51.0,5648.317222237418,250,vanilla,fixed
559,66.0,5383.847734782365,250,vanilla,fixed
560,120.0,5167.922059309124,250,vanilla,fixed
561,72.0,4711.929011333661,250,vanilla,fixed
562,52.0,5080.517371634794,250,vanilla,fixed
563,33.0,4961.033088202895,250,vanilla,fixed
564,38.0,5534.416258303254,250,vanilla,fixed
565,64.0,5374.55785053441,250,vanilla,fixed
566,60.0,5064.332095352215,250,vanilla,fixed
567,75.0,5617.392273363349,250,vanilla,fixed
568,81.0,5634.827624364449,250,vanilla,fixed
569,71.0,5751.5787832696,250,vanilla,fixed
570,74.0,5007.71173205692,250,vanilla,fixed
571,81.0,5263.176996402478,250,vanilla,fixed
572,81.0,4896.566496241934,250,vanilla,fixed
573,76.0,4739.616388018574,250,vanilla,fixed
574,65.0,5382.489383578765,250,vanilla,fixed
575,59.0,5206.112959059189,250,vanilla,fixed
576,49.0,5166.28476905882,250,vanilla,fixed
577,55.0,5022.70437561785,250,vanilla,fixed
578,67.0,4733.312964225079,250,vanilla,fixed
579,64.0,4616.107510185357,250,vanilla,fixed
580,130.0,5456.757930807888,250,vanilla,fixed
581,53.0,5028.696243040818,250,vanilla,fixed
582,60.0,5126.664902888202,250,vanilla,fixed
583,81.0,4821.241442939259,250,vanilla,fixed
584,64.0,4299.948148184667,250,vanilla,fixed
585,72.0,5425.753529428538,250,vanilla,fixed
586,64.0,5685.796040705416,250,vanilla,fixed
587,82.0,4411.659191773803,250,vanilla,fixed
588,76.0,5085.212532913161,250,vanilla,fixed
589,73.0,4876.242547735102,250,vanilla,fixed
590,80.0,5136.57183459959,250,vanilla,fixed
591,80.0,4910.8149746001445,250,vanilla,fixed
592,53.0,5842.421501263851,250,vanilla,fixed
593,67.0,5733.112810457697,250,vanilla,fixed
594,55.0,5890.8950562218015,250,vanilla,fixed
595,82.0,5128.773127321142,250,vanilla,fixed
596,78.0,5363.347846946668,250,vanilla,fixed
597,71.0,4979.050089328439,250,vanilla,fixed
598,77.0,5274.8983889114725,250,vanilla,fixed
599,63.0,5172.294200157498,250,vanilla,fixed
600,74.0,10678.54946952421,500,vanilla,fixed
601,75.0,10789.434264815594,500,vanilla,fixed
602,80.0,10600.531199381012,500,vanilla,fixed
603,85.0,10108.44460115259,500,vanilla,fixed
604,89.0,11119.56553787355,500,vanilla,fixed
605,56.0,11074.647511161324,500,vanilla,fixed
606,62.0,10203.668459462076,500,vanilla,fixed
607,74.0,10999.465740650769,500,vanilla,fixed
608,81.0,10749.286188815784,500,vanilla,fixed
609,66.0,11296.45074469179,500,vanilla,fixed
610,82.0,10890.225801635375,500,vanilla,fixed
611,76.0,10313.708700336812,500,vanilla,fixed
612,83.0,10919.203529993065,500,vanilla,fixed
613,49.0,11261.373318878514,500,vanilla,fixed
614,84.0,10151.083328998697,500,vanilla,fixed
615,55.0,9817.20895732934,500,vanilla,fixed
616,78.0,10445.717609815578,500,vanilla,fixed
617,46.0,11467.636708095168,500,vanilla,fixed
618,96.0,10182.118100671649,500,vanilla,fixed
619,82.0,9397.810360820153,500,vanilla,fixed
620,88.0,10617.101889581403,500,vanilla,fixed
621,75.0,10248.300803670663,500,vanilla,fixed
622,70.0,11302.49884248897,500,vanilla,fixed
623,78.0,10149.778647198087,500,vanilla,fixed
624,66.0,10635.41950761503,500,vanilla,fixed
625,73.0,10359.705171157206,500,vanilla,fixed
626,69.0,10365.841197404616,500,vanilla,fixed
627,70.0,9837.221443027403,500,vanilla,fixed
628,38.0,10319.783658282828,500,vanilla,fixed
629,66.0,10867.738420311956,500,vanilla,fixed
630,90.0,10354.502162079303,500,vanilla,fixed
631,78.0,10952.985986022248,500,vanilla,fixed
632,85.0,11007.91379593794,500,vanilla,fixed
633,56.0,10898.732485955265,500,vanilla,fixed
634,82.0,11429.301607115684,500,vanilla,fixed
635,77.0,10919.64472803703,500,vanilla,fixed
636,48.0,9941.813424301748,500,vanilla,fixed
637,50.0,10510.315012074803,500,vanilla,fixed
638,71.0,10327.199612909764,500,vanilla,fixed
639,75.0,11004.344681063583,500,vanilla,fixed
640,67.0,11185.90290491949,500,vanilla,fixed
641,87.0,10141.48141269232,500,vanilla,fixed
642,92.0,10572.427226635764,500,vanilla,fixed
643,86.0,9918.692225873328,500,vanilla,fixed
644,79.0,9918.658887328764,500,vanilla,fixed
645,90.0,10203.588537312024,500,vanilla,fixed
646,44.0,10326.049269093428,500,vanilla,fixed
647,79.0,10373.48005337396,500,vanilla,fixed
648,83.0,11861.273986410542,500,vanilla,fixed
649,66.0,10631.796782329477,500,vanilla,fixed
650,56.0,10881.498021558227,500,vanilla,fixed
651,78.0,10029.68601129688,500,vanilla,fixed
652,82.0,10110.661652551396,500,vanilla,fixed
653,38.0,10553.123702335408,500,vanilla,fixed
654,45.0,10444.25308055976,500,vanilla,fixed
655,75.0,10279.73183416871,500,vanilla,fixed
656,86.0,10070.10945161176,500,vanilla,fixed
657,79.0,10442.92785460359,500,vanilla,fixed
658,79.0,11131.559454765642,500,vanilla,fixed
659,65.0,11042.779429773904,500,vanilla,fixed
660,54.0,10565.52025536584,500,vanilla,fixed
661,85.0,10965.671732402185,500,vanilla,fixed
662,84.0,10329.900525562718,500,vanilla,fixed
663,86.0,11376.45774072599,500,vanilla,fixed
664,78.0,10744.446288734258,500,vanilla,fixed
665,80.0,9981.020413008777,500,vanilla,fixed
666,66.0,9695.151332845988,500,vanilla,fixed
667,83.0,10601.241978428685,500,vanilla,fixed
668,87.0,9941.257441238184,500,vanilla,fixed
669,47.0,10832.91735659638,500,vanilla,fixed
670,77.0,10983.73924966245,500,vanilla,fixed
671,71.0,10660.496265145452,500,vanilla,fixed
672,79.0,10144.567396276118,500,vanilla,fixed
673,77.0,10310.220214893248,500,vanilla,fixed
674,77.0,10440.623722931809,500,vanilla,fixed
675,85.0,10361.35318871606,500,vanilla,fixed
676,78.0,10665.845260902604,500,vanilla,fixed
677,65.0,10045.572484899689,500,vanilla,fixed
678,54.0,10445.186302137765,500,vanilla,fixed
679,61.0,10396.39418995896,500,vanilla,fixed
680,77.0,10732.627740784435,500,vanilla,fixed
681,85.0,10290.179507449777,500,vanilla,fixed
682,58.0,10653.25266306524,500,vanilla,fixed
683,87.0,10232.964346473156,500,vanilla,fixed
684,54.0,11126.693752707692,500,vanilla,fixed
685,76.0,10934.223970249206,500,vanilla,fixed
686,77.0,10425.498061868771,500,vanilla,fixed
687,68.0,11427.553880583908,500,vanilla,fixed
688,84.0,10882.678590410358,500,vanilla,fixed
689,67.0,11344.963835012017,500,vanilla,fixed
690,93.0,11237.318137934508,500,vanilla,fixed
691,78.0,10886.756443532784,500,vanilla,fixed
692,55.0,10618.52858961036,500,vanilla,fixed
693,79.0,10563.205115195591,500,vanilla,fixed
694,89.0,10000.112891390932,500,vanilla,fixed
695,75.0,10909.094703303568,500,vanilla,fixed
696,84.0,10541.2762884555,500,vanilla,fixed
697,73.0,10196.491650415996,500,vanilla,fixed
698,72.0,11602.911896851132,500,vanilla,fixed
699,66.0,10942.679622538066,500,vanilla,fixed
700,76.0,10556.026116738403,500,vanilla,fixed
701,78.0,10517.974594534677,500,vanilla,fixed
702,79.0,10126.497127708091,500,vanilla,fixed
703,47.0,10533.483065527054,500,vanilla,fixed
704,82.0,10286.206847020636,500,vanilla,fixed
705,68.0,10496.76619914546,500,vanilla,fixed
706,74.0,10563.379884971062,500,vanilla,fixed
707,82.0,10799.91652201428,500,vanilla,fixed
708,82.0,10567.498419505537,500,vanilla,fixed
709,80.0,10886.801013228063,500,vanilla,fixed
710,88.0,10571.997283203564,500,vanilla,fixed
711,68.0,10889.92690822536,500,vanilla,fixed
712,69.0,11465.764396646004,500,vanilla,fixed
713,143.0,10398.989437056443,500,vanilla,fixed
714,83.0,11007.805570162564,500,vanilla,fixed
715,81.0,11339.569904097669,500,vanilla,fixed
716,51.0,10732.064183222968,500,vanilla,fixed
717,58.0,10270.478137145028,500,vanilla,fixed
718,85.0,10672.137990179082,500,vanilla,fixed
719,68.0,10011.071312839773,500,vanilla,fixed
720,68.0,10765.085801841698,500,vanilla,fixed
721,46.0,10519.201153018616,500,vanilla,fixed
722,69.0,9975.728245169468,500,vanilla,fixed
723,80.0,11049.72873199208,500,vanilla,fixed
724,84.0,10410.61022554068,500,vanilla,fixed
725,71.0,10065.730957011432,500,vanilla,fixed
726,64.0,10656.10169929864,500,vanilla,fixed
727,84.0,10481.506673881064,500,vanilla,fixed
728,75.0,11551.746727158185,500,vanilla,fixed
729,84.0,10568.860297048774,500,vanilla,fixed
730,57.0,11432.705210634422,500,vanilla,fixed
731,53.0,9710.559989853748,500,vanilla,fixed
732,65.0,10766.25747962464,500,vanilla,fixed
733,65.0,10701.822955549082,500,vanilla,fixed
734,74.0,10380.63704818026,500,vanilla,fixed
735,75.0,10143.42132903404,500,vanilla,fixed
736,79.0,10686.258848738426,500,vanilla,fixed
737,53.0,10533.168424417174,500,vanilla,fixed
738,55.0,10448.17136311929,500,vanilla,fixed
739,82.0,10689.089774857011,500,vanilla,fixed
740,85.0,9991.22793174452,500,vanilla,fixed
741,56.0,10700.319645761305,500,vanilla,fixed
742,78.0,10205.716582636249,500,vanilla,fixed
743,70.0,10557.173393971709,500,vanilla,fixed
744,58.0,10200.87686811509,500,vanilla,fixed
745,68.0,10502.231068494786,500,vanilla,fixed
746,75.0,10677.267154922276,500,vanilla,fixed
747,78.0,10667.994154381897,500,vanilla,fixed
748,74.0,11628.812058729496,500,vanilla,fixed
749,68.0,10733.34881283949,500,vanilla,fixed
750,85.0,9814.13743866494,500,vanilla,fixed
751,75.0,10635.892707161438,500,vanilla,fixed
752,83.0,11087.419657856366,500,vanilla,fixed
753,80.0,10244.63571021338,500,vanilla,fixed
754,83.0,11005.418488614698,500,vanilla,fixed
755,48.0,9758.494947773925,500,vanilla,fixed
756,51.0,11121.529615072704,500,vanilla,fixed
757,154.0,10621.79536928353,500,vanilla,fixed
758,86.0,10391.633842730032,500,vanilla,fixed
759,69.0,10802.234093758694,500,vanilla,fixed
760,77.0,10238.12471608598,500,vanilla,fixed
761,80.0,11048.906728225127,500,vanilla,fixed
762,65.0,10310.250619506607,500,vanilla,fixed
763,80.0,10758.76277262943,500,vanilla,fixed
764,77.0,10404.348798817551,500,vanilla,fixed
765,79.0,10705.168832203251,500,vanilla,fixed
766,78.0,10193.721253085989,500,vanilla,fixed
767,80.0,9948.219029311964,500,vanilla,fixed
768,82.0,11633.972912770285,500,vanilla,fixed
769,53.0,9748.628656124043,500,vanilla,fixed
770,57.0,9550.958995825868,500,vanilla,fixed
771,83.0,10972.308478877056,500,vanilla,fixed
772,71.0,10974.82125588968,500,vanilla,fixed
773,85.0,10505.378668367131,500,vanilla,fixed
774,82.0,10306.62086397453,500,vanilla,fixed
775,79.0,10344.711778488538,500,vanilla,fixed
776,68.0,10446.923019052869,500,vanilla,fixed
777,84.0,10631.115983375284,500,vanilla,fixed
778,63.0,10640.952220297868,500,vanilla,fixed
779,78.0,10766.359304854215,500,vanilla,fixed
780,66.0,10256.18407441613,500,vanilla,fixed
781,79.0,10246.4128052988,500,vanilla,fixed
782,74.0,10600.883662109683,500,vanilla,fixed
783,80.0,10821.326396112972,500,vanilla,fixed
784,75.0,10629.182520834303,500,vanilla,fixed
785,64.0,10774.417349921465,500,vanilla,fixed
786,85.0,10436.739644453475,500,vanilla,fixed
787,69.0,10438.162137308458,500,vanilla,fixed
788,52.0,10883.37639080992,500,vanilla,fixed
789,83.0,9917.07279033629,500,vanilla,fixed
790,55.0,11857.946627520563,500,vanilla,fixed
791,80.0,10960.181051405942,500,vanilla,fixed
792,65.0,10590.1673752953,500,vanilla,fixed
793,84.0,10866.89730526198,500,vanilla,fixed
794,85.0,10448.970492374005,500,vanilla,fixed
795,66.0,10837.333721168698,500,vanilla,fixed
796,81.0,10162.564613100669,500,vanilla,fixed
797,73.0,10559.42895703826,500,vanilla,fixed
798,60.0,9656.407624653822,500,vanilla,fixed
799,65.0,10545.341830380292,500,vanilla,fixed
800,74.0,22461.79758804244,1000,vanilla,fixed
801,72.0,22069.894422763507,1000,vanilla,fixed
802,44.0,21918.99071980398,1000,vanilla,fixed
803,78.0,20896.998637622717,1000,vanilla,fixed
804,78.0,22049.46875976317,1000,vanilla,fixed
805,86.0,20320.339138185995,1000,vanilla,fixed
806,70.0,21180.412581671702,1000,vanilla,fixed
807,86.0,21354.58111129276,1000,vanilla,fixed
808,84.0,20307.2502131861,1000,vanilla,fixed
809,87.0,20816.13403652509,1000,vanilla,fixed
810,65.0,20616.958100027063,1000,vanilla,fixed
811,80.0,20890.074623426037,1000,vanilla,fixed
812,80.0,20723.681416852312,1000,vanilla,fixed
813,77.0,21777.210111375683,1000,vanilla,fixed
814,68.0,20805.412239010784,1000,vanilla,fixed
815,85.0,21073.705948194307,1000,vanilla,fixed
816,75.0,21243.2784869143,1000,vanilla,fixed
817,129.0,20647.505165519266,1000,vanilla,fixed
818,77.0,22261.883252801388,1000,vanilla,fixed
819,82.0,21136.41334997188,1000,vanilla,fixed
820,53.0,22077.537435684622,1000,vanilla,fixed
821,75.0,20071.19793682516,1000,vanilla,fixed
822,82.0,22102.87162951124,1000,vanilla,fixed
823,45.0,20653.844224568475,1000,vanilla,fixed
824,89.0,20423.047244096604,1000,vanilla,fixed
825,79.0,21409.588798710505,1000,vanilla,fixed
826,49.0,20812.66777664165,1000,vanilla,fixed
827,73.0,20178.973807156308,1000,vanilla,fixed
828,70.0,22182.94546481231,1000,vanilla,fixed
829,82.0,20782.086883300988,1000,vanilla,fixed
830,85.0,22371.83234909853,1000,vanilla,fixed
831,58.0,21121.267678859294,1000,vanilla,fixed
832,86.0,20688.31293038565,1000,vanilla,fixed
833,139.0,20431.3706402649,1000,vanilla,fixed
834,77.0,21210.642470983003,1000,vanilla,fixed
835,66.0,20295.621526017305,1000,vanilla,fixed
836,77.0,19920.76457973436,1000,vanilla,fixed
837,69.0,20337.452911800305,1000,vanilla,fixed
838,55.0,22201.0127970795,1000,vanilla,fixed
839,75.0,21428.37654996987,1000,vanilla,fixed
840,87.0,20603.44669293097,1000,vanilla,fixed
841,71.0,21257.06696635708,1000,vanilla,fixed
842,70.0,20557.087966093688,1000,vanilla,fixed
843,76.0,21403.657193057825,1000,vanilla,fixed
844,84.0,21830.79808480353,1000,vanilla,fixed
845,57.0,21465.09016125831,1000,vanilla,fixed
846,78.0,21492.20763798824,1000,vanilla,fixed
847,68.0,21679.377082466937,1000,vanilla,fixed
848,74.0,21519.246860958832,1000,vanilla,fixed
849,75.0,21377.658178280497,1000,vanilla,fixed
850,66.0,21545.92359592926,1000,vanilla,fixed
851,68.0,21639.298291502164,1000,vanilla,fixed
852,81.0,21097.48961984484,1000,vanilla,fixed
853,78.0,21952.9466160944,1000,vanilla,fixed
854,88.0,22533.23878229657,1000,vanilla,fixed
855,64.0,21125.738775225225,1000,vanilla,fixed
856,76.0,19957.74119060857,1000,vanilla,fixed
857,42.0,21044.51151000198,1000,vanilla,fixed
858,70.0,21711.216499024216,1000,vanilla,fixed
859,77.0,21246.6257746567,1000,vanilla,fixed
860,78.0,21880.38297774482,1000,vanilla,fixed
861,83.0,20934.560116496687,1000,vanilla,fixed
862,69.0,21744.275694561027,1000,vanilla,fixed
863,68.0,21164.67555255209,1000,vanilla,fixed
864,51.0,21551.486610400258,1000,vanilla,fixed
865,67.0,22759.69141342007,1000,vanilla,fixed
866,80.0,22033.389981262077,1000,vanilla,fixed
867,68.0,22174.767112386737,1000,vanilla,fixed
868,68.0,22104.61102917822,1000,vanilla,fixed
869,51.0,21456.55770876024,1000,vanilla,fixed
870,74.0,21297.816563526303,1000,vanilla,fixed
871,74.0,20624.311301551294,1000,vanilla,fixed
872,81.0,19454.086278568477,1000,vanilla,fixed
873,72.0,19717.91989454836,1000,vanilla,fixed
874,79.0,20703.68116612089,1000,vanilla,fixed
875,73.0,19833.81853891797,1000,vanilla,fixed
876,72.0,21744.244069496333,1000,vanilla,fixed
877,72.0,21238.296227726016,1000,vanilla,fixed
878,71.0,21107.888987738774,1000,vanilla,fixed
879,75.0,20499.689567404334,1000,vanilla,fixed
880,75.0,20021.482568118776,1000,vanilla,fixed
881,73.0,21308.301114153204,1000,vanilla,fixed
882,83.0,22631.89377860505,1000,vanilla,fixed
883,31.0,20264.63796355217,1000,vanilla,fixed
884,73.0,21146.084374687573,1000,vanilla,fixed
885,74.0,21579.213912838622,1000,vanilla,fixed
886,79.0,21286.25162071894,1000,vanilla,fixed
887,60.0,19342.840334287983,1000,vanilla,fixed
888,59.0,20632.097491155997,1000,vanilla,fixed
889,65.0,20135.66895718495,1000,vanilla,fixed
890,78.0,20938.78505623581,1000,vanilla,fixed
891,83.0,20326.226163038467,1000,vanilla,fixed
892,75.0,20509.308073200624,1000,vanilla,fixed
893,112.0,20481.539816614077,1000,vanilla,fixed
894,78.0,21007.700499220588,1000,vanilla,fixed
895,73.0,20499.633166745614,1000,vanilla,fixed
896,67.0,20275.849929050382,1000,vanilla,fixed
897,74.0,20199.8458483849,1000,vanilla,fixed
898,74.0,21757.160857890183,1000,vanilla,fixed
899,83.0,20911.029483660936,1000,vanilla,fixed
900,65.0,20835.52614110925,1000,vanilla,fixed
901,50.0,20907.67157933664,1000,vanilla,fixed
902,81.0,21002.456557476296,1000,vanilla,fixed
903,73.0,20055.738734614133,1000,vanilla,fixed
904,60.0,21898.06196336915,1000,vanilla,fixed
905,65.0,20697.12148001205,1000,vanilla,fixed
906,68.0,21270.69208698782,1000,vanilla,fixed
907,71.0,21673.880453849008,1000,vanilla,fixed
908,78.0,20526.482916972436,1000,vanilla,fixed
909,87.0,21100.12477656814,1000,vanilla,fixed
910,61.0,21288.472891300764,1000,vanilla,fixed
911,80.0,21407.001130920908,1000,vanilla,fixed
912,79.0,22299.547390189306,1000,vanilla,fixed
913,80.0,20671.54506949899,1000,vanilla,fixed
914,81.0,20198.82304561398,1000,vanilla,fixed
915,53.0,20340.283335356533,1000,vanilla,fixed
916,83.0,20964.492294287906,1000,vanilla,fixed
917,71.0,20815.18120619863,1000,vanilla,fixed
918,81.0,21536.36462527156,1000,vanilla,fixed
919,65.0,21649.530848395232,1000,vanilla,fixed
920,65.0,21241.51547478012,1000,vanilla,fixed
921,83.0,21210.225498202977,1000,vanilla,fixed
922,60.0,21518.113368760824,1000,vanilla,fixed
923,66.0,21021.190436493245,1000,vanilla,fixed
924,80.0,21112.648347196904,1000,vanilla,fixed
925,74.0,21254.89299516882,1000,vanilla,fixed
926,133.0,21391.30925193918,1000,vanilla,fixed
927,80.0,21109.87065784633,1000,vanilla,fixed
928,76.0,21171.60848298073,1000,vanilla,fixed
929,76.0,21335.65965785353,1000,vanilla,fixed
930,85.0,21430.528986131,1000,vanilla,fixed
931,79.0,21778.80237062103,1000,vanilla,fixed
932,86.0,21659.682824753934,1000,vanilla,fixed
933,77.0,20770.23689566025,1000,vanilla,fixed
934,71.0,22468.56397145767,1000,vanilla,fixed
935,60.0,21936.854506073563,1000,vanilla,fixed
936,87.0,21518.70048030817,1000,vanilla,fixed
937,63.0,21973.18627347751,1000,vanilla,fixed
938,77.0,20975.079484207352,1000,vanilla,fixed
939,68.0,20774.74332358888,1000,vanilla,fixed
940,84.0,21100.99044386403,1000,vanilla,fixed
941,75.0,21877.77975235265,1000,vanilla,fixed
942,82.0,21027.419346693277,1000,vanilla,fixed
943,80.0,21754.323178003124,1000,vanilla,fixed
944,82.0,22775.38771779788,1000,vanilla,fixed
945,80.0,20358.060799154064,1000,vanilla,fixed
946,78.0,20949.34032928113,1000,vanilla,fixed
947,69.0,21744.585271178017,1000,vanilla,fixed
948,74.0,20720.01563439284,1000,vanilla,fixed
949,81.0,20593.412829528825,1000,vanilla,fixed
950,78.0,20855.515658407054,1000,vanilla,fixed
951,69.0,20268.93901927593,1000,vanilla,fixed
952,62.0,20656.242459941703,1000,vanilla,fixed
953,76.0,21004.127100341066,1000,vanilla,fixed
954,63.0,21895.09743900756,1000,vanilla,fixed
955,63.0,22507.481572225726,1000,vanilla,fixed
956,60.0,20001.323003168705,1000,vanilla,fixed
957,88.0,22936.11524386251,1000,vanilla,fixed
958,66.0,20840.976458664823,1000,vanilla,fixed
959,59.0,21633.842524883963,1000,vanilla,fixed
960,126.0,20236.505799125916,1000,vanilla,fixed
961,85.0,21430.326638049948,1000,vanilla,fixed
962,81.0,20588.22985365352,1000,vanilla,fixed
963,82.0,20562.488926007783,1000,vanilla,fixed
964,72.0,21172.992621156016,1000,vanilla,fixed
965,78.0,20308.709136213474,1000,vanilla,fixed
966,59.0,21874.07420851336,1000,vanilla,fixed
967,75.0,21780.593786939746,1000,vanilla,fixed
968,81.0,21687.581440741396,1000,vanilla,fixed
969,66.0,22025.48948493198,1000,vanilla,fixed
970,85.0,21114.13270228847,1000,vanilla,fixed
971,75.0,20925.499035136007,1000,vanilla,fixed
972,63.0,22106.510722098606,1000,vanilla,fixed
973,74.0,21102.666780260097,1000,vanilla,fixed
974,63.0,21087.701966610966,1000,vanilla,fixed
975,63.0,19211.318425233123,1000,vanilla,fixed
976,61.0,21198.75984977377,1000,vanilla,fixed
977,79.0,21870.25448130044,1000,vanilla,fixed
978,79.0,20797.620186497526,1000,vanilla,fixed
979,71.0,21536.71943790629,1000,vanilla,fixed
980,52.0,21438.002858862536,1000,vanilla,fixed
981,81.0,21847.583589944432,1000,vanilla,fixed
982,78.0,21266.93048715804,1000,vanilla,fixed
983,83.0,20418.439735617063,1000,vanilla,fixed
984,78.0,20148.90851660701,1000,vanilla,fixed
985,75.0,21972.80809849196,1000,vanilla,fixed
986,64.0,20979.828757849555,1000,vanilla,fixed
987,57.0,21753.22196318116,1000,vanilla,fixed
988,116.0,21858.40958324242,1000,vanilla,fixed
989,66.0,21363.66786210842,1000,vanilla,fixed
990,64.0,20863.85898772873,1000,vanilla,fixed
991,51.0,21407.701562892835,1000,vanilla,fixed
992,67.0,22408.82627475173,1000,vanilla,fixed
993,80.0,22077.42125152822,1000,vanilla,fixed
994,41.0,21069.601241870685,1000,vanilla,fixed
995,82.0,20815.9120564532,1000,vanilla,fixed
996,85.0,21697.014919238554,1000,vanilla,fixed
997,70.0,21099.590052488005,1000,vanilla,fixed
998,71.0,20384.027457212575,1000,vanilla,fixed
999,71.0,21027.00748022928,1000,vanilla,fixed
1000,56.0,1178.704288626912,50,vanilla,free_v
1001,55.0,861.8750471177784,50,vanilla,free_v
1002,73.0,1471.396549863824,50,vanilla,free_v
1003,93.0,4359.198400398086,50,vanilla,free_v
1004,68.0,2031.076428870397,50,vanilla,free_v
1005,58.0,1271.434547972713,50,vanilla,free_v
1006,65.0,997.0955485623552,50,vanilla,free_v
1007,72.0,1271.3629227273696,50,vanilla,free_v
1008,102.0,2064.080971392324,50,vanilla,free_v
1009,164.0,846.7948707753962,50,vanilla,free_v
1010,75.0,1024.5927888253725,50,vanilla,free_v
1011,60.0,1238.4911941461446,50,vanilla,free_v
1012,53.0,995.3605846403924,50,vanilla,free_v
1013,72.0,1006.04767823714,50,vanilla,free_v
1014,95.0,1327.4536678793409,50,vanilla,free_v
1015,36.0,1037.8027028553545,50,vanilla,free_v
1016,135.0,965.583723121794,50,vanilla,free_v
1017,69.0,5518.9039142235615,50,vanilla,free_v
1018,126.0,915.1330012997604,50,vanilla,free_v
1019,76.0,1254.8614907412582,50,vanilla,free_v
1020,74.0,937.259051747818,50,vanilla,free_v
1021,74.0,1130.945313058469,50,vanilla,free_v
1022,80.0,1141.3572335909903,50,vanilla,free_v
1023,91.0,924.2077265068148,50,vanilla,free_v
1024,68.0,795.8944971645768,50,vanilla,free_v
1025,65.0,1133.767795550796,50,vanilla,free_v
1026,88.0,1441.3251846263324,50,vanilla,free_v
1027,99.0,830.7587414104978,50,vanilla,free_v
1028,75.0,1007.6266567664354,50,vanilla,free_v
1029,68.0,1313.2788779960283,50,vanilla,free_v
1030,55.0,1097.0732252963794,50,vanilla,free_v
1031,100.0,1055.7340696180495,50,vanilla,free_v
1032,31.0,1036.5270353097771,50,vanilla,free_v
1033,62.0,1030.2639310587183,50,vanilla,free_v
1034,55.0,862.2159514618967,50,vanilla,free_v
1035,93.0,1285.0931163822415,50,vanilla,free_v
1036,66.0,13306.207852642105,50,vanilla,free_v
1037,93.0,1047.7837248889286,50,vanilla,free_v
1038,133.0,1198.9564847650126,50,vanilla,free_v
1039,43.0,1072.9683438176703,50,vanilla,free_v
1040,85.0,846.5264695745234,50,vanilla,free_v
1041,97.0,833.6457593592361,50,vanilla,free_v
1042,76.0,774.4682940737933,50,vanilla,free_v
1043,68.0,924.7523755246727,50,vanilla,free_v
1044,73.0,33057.00920681802,50,vanilla,free_v
1045,62.0,1096.1369339435714,50,vanilla,free_v
1046,59.0,975.4167800230144,50,vanilla,free_v
1047,73.0,953.3890458548376,50,vanilla,free_v
1048,55.0,788.1417528352498,50,vanilla,free_v
1049,60.0,1266.5567564388953,50,vanilla,free_v
1050,78.0,1529.9722419661848,50,vanilla,free_v
1051,85.0,1099.8833319595444,50,vanilla,free_v
1052,48.0,923.948101083886,50,vanilla,free_v
1053,76.0,1253.013621329122,50,vanilla,free_v
1054,75.0,1146.8395509903569,50,vanilla,free_v
1055,59.0,1114.391025928791,50,vanilla,free_v
1056,77.0,820.1374385578101,50,vanilla,free_v
1057,45.0,21063557.241811626,50,vanilla,free_v
1058,56.0,1299.5814947379674,50,vanilla,free_v
1059,99.0,1115.552332179226,50,vanilla,free_v
1060,52.0,784.6066031988559,50,vanilla,free_v
1061,82.0,1201.7688799998584,50,vanilla,free_v
1062,113.0,1201.5292690047816,50,vanilla,free_v
1063,89.0,1093.2828986772142,50,vanilla,free_v
1064,55.0,1201.6242956458486,50,vanilla,free_v
1065,66.0,1212.5929826831614,50,vanilla,free_v
1066,64.0,910.6162277379532,50,vanilla,free_v
1067,72.0,2850.526111047906,50,vanilla,free_v
1068,43.0,966.2115581447804,50,vanilla,free_v
1069,67.0,1075.2901897596585,50,vanilla,free_v
1070,116.0,1042.5201225737658,50,vanilla,free_v
1071,81.0,1180.87149120159,50,vanilla,free_v
1072,65.0,1151.7485428727978,50,vanilla,free_v
1073,142.0,980.385396273592,50,vanilla,free_v
1074,90.0,1147.871072626185,50,vanilla,free_v
1075,56.0,1113.611554272804,50,vanilla,free_v
1076,73.0,1286.818361370326,50,vanilla,free_v
1077,92.0,1032.7033506045834,50,vanilla,free_v
1078,78.0,1113.9159228456651,50,vanilla,free_v
1079,61.0,1615.9503972147236,50,vanilla,free_v
1080,132.0,1080.4124388653684,50,vanilla,free_v
1081,87.0,1081.8080392062773,50,vanilla,free_v
1082,82.0,850.0316117202929,50,vanilla,free_v
1083,71.0,1103.5246611396708,50,vanilla,free_v
1084,88.0,1029.9843253414024,50,vanilla,free_v
1085,83.0,1074.899221200218,50,vanilla,free_v
1086,44.0,1382.050313640827,50,vanilla,free_v
1087,80.0,895.476535970556,50,vanilla,free_v
1088,68.0,1113.1854107928614,50,vanilla,free_v
1089,61.0,1212.198944980944,50,vanilla,free_v
1090,60.0,1130.5715343841157,50,vanilla,free_v
1091,85.0,1078.325859566586,50,vanilla,free_v
1092,51.0,1017.3466652012454,50,vanilla,free_v
1093,124.0,1256.8893892957467,50,vanilla,free_v
1094,57.0,1102.671295558853,50,vanilla,free_v
1095,70.0,942.7157926212572,50,vanilla,free_v
1096,63.0,1127.5179048054204,50,vanilla,free_v
1097,85.0,885.1315282581676,50,vanilla,free_v
1098,82.0,1204.513263009514,50,vanilla,free_v
1099,102.0,1115.7642438190471,50,vanilla,free_v
1100,103.0,1222.455726012321,50,vanilla,free_v
1101,28.0,1049.2324551826082,50,vanilla,free_v
1102,56.0,714.2938957379317,50,vanilla,free_v
1103,66.0,1019.8742077463522,50,vanilla,free_v
1104,79.0,1142.247639467674,50,vanilla,free_v
1105,57.0,786.0932663824757,50,vanilla,free_v
1106,137.0,1006.4667251039244,50,vanilla,free_v
1107,53.0,2105.927976335817,50,vanilla,free_v
1108,64.0,918.3205846012484,50,vanilla,free_v
1109,83.0,971.6975631605278,50,vanilla,free_v
1110,103.0,1239.0531965516618,50,vanilla,free_v
1111,73.0,1005.242649017688,50,vanilla,free_v
1112,75.0,1174.7237271988104,50,vanilla,free_v
1113,155.0,117560.21870778178,50,vanilla,free_v
1114,74.0,765.5016654188375,50,vanilla,free_v
1115,56.0,1033.1143642604,50,vanilla,free_v
1116,87.0,1192.8350810672546,50,vanilla,free_v
1117,69.0,1081.31647092024,50,vanilla,free_v
1118,72.0,1354.9516632818008,50,vanilla,free_v
1119,123.0,863.1272087313439,50,vanilla,free_v
1120,60.0,1133.3024884457432,50,vanilla,free_v
1121,58.0,1250.0113986267377,50,vanilla,free_v
1122,103.0,1332.7495435622263,50,vanilla,free_v
1123,57.0,1047.03545640816,50,vanilla,free_v
1124,75.0,935.2540530276162,50,vanilla,free_v
1125,54.0,809.5408004797703,50,vanilla,free_v
1126,77.0,1018.1944005636324,50,vanilla,free_v
1127,62.0,9396.936695739316,50,vanilla,free_v
1128,61.0,1151.188142037643,50,vanilla,free_v
1129,44.0,1279.739274724596,50,vanilla,free_v
1130,77.0,1159.6053869822554,50,vanilla,free_v
1131,105.0,1425.3943948661183,50,vanilla,free_v
1132,70.0,1030.298738438727,50,vanilla,free_v
1133,89.0,3955.453538406663,50,vanilla,free_v
1134,81.0,988.682577819652,50,vanilla,free_v
1135,24.0,909.2147223152429,50,vanilla,free_v
1136,68.0,156886.28386574323,50,vanilla,free_v
1137,71.0,848.1742722399218,50,vanilla,free_v
1138,91.0,984.425804443566,50,vanilla,free_v
1139,84.0,915.5801021805108,50,vanilla,free_v
1140,73.0,1097.3838526988568,50,vanilla,free_v
1141,76.0,935.5265669656532,50,vanilla,free_v
1142,61.0,1045.732274885591,50,vanilla,free_v
1143,103.0,1084.0232454017591,50,vanilla,free_v
1144,50.0,1375.413191665343,50,vanilla,free_v
1145,55.0,1283.2809674097389,50,vanilla,free_v
1146,24.0,1093.396291158533,50,vanilla,free_v
1147,28.0,993.2750308340542,50,vanilla,free_v
1148,84.0,980.1551967938344,50,vanilla,free_v
1149,74.0,1192.4626561982393,50,vanilla,free_v
1150,66.0,881.2511299014465,50,vanilla,free_v
1151,86.0,1322.5830759042642,50,vanilla,free_v
1152,101.0,1137.9472400751415,50,vanilla,free_v
1153,73.0,672.7121236746834,50,vanilla,free_v
1154,85.0,1209.7608056310064,50,vanilla,free_v
1155,75.0,836.9527843891028,50,vanilla,free_v
1156,60.0,963.537720269805,50,vanilla,free_v
1157,66.0,2375.7211481617446,50,vanilla,free_v
1158,57.0,839.0159143407624,50,vanilla,free_v
1159,60.0,899.3723589331511,50,vanilla,free_v
1160,15.0,843.1938156381827,50,vanilla,free_v
1161,83.0,1099.9487521342298,50,vanilla,free_v
1162,60.0,1028.6034414419908,50,vanilla,free_v
1163,95.0,1035.9447250789865,50,vanilla,free_v
1164,93.0,140767.88355262828,50,vanilla,free_v
1165,127.0,882.4831132272252,50,vanilla,free_v
1166,58.0,1249.5192178113252,50,vanilla,free_v
1167,40.0,1053.9254131574337,50,vanilla,free_v
1168,68.0,939.414594235674,50,vanilla,free_v
1169,57.0,1101.8800081891836,50,vanilla,free_v
1170,73.0,1109.5536493577313,50,vanilla,free_v
1171,70.0,940.0879385802332,50,vanilla,free_v
1172,68.0,1029.3780051516292,50,vanilla,free_v
1173,75.0,1010.7635378459933,50,vanilla,free_v
1174,68.0,1352.2838232420606,50,vanilla,free_v
1175,60.0,1079.6061226109714,50,vanilla,free_v
1176,24.0,1187.108345874562,50,vanilla,free_v
1177,72.0,1168.8954093640616,50,vanilla,free_v
1178,69.0,1117.176781418715,50,vanilla,free_v
1179,81.0,1252.9833053945856,50,vanilla,free_v
1180,67.0,954.039279923774,50,vanilla,free_v
1181,76.0,1212.9675293045443,50,vanilla,free_v
1182,52.0,904.8263665934644,50,vanilla,free_v
1183,84.0,891.4985335164059,50,vanilla,free_v
1184,120.0,1077.0536676012375,50,vanilla,free_v
1185,78.0,916.3573767494576,50,vanilla,free_v
1186,63.0,1288.078199730318,50,vanilla,free_v
1187,55.0,1057.618972421471,50,vanilla,free_v
1188,86.0,883.4787311612158,50,vanilla,free_v
1189,70.0,1099.5002799849096,50,vanilla,free_v
1190,88.0,811.2859218510342,50,vanilla,free_v
1191,65.0,1112.6144776503036,50,vanilla,free_v
1192,90.0,1046.7198760343374,50,vanilla,free_v
1193,33.0,1145.4450646665568,50,vanilla,free_v
1194,126.0,1205.199946353489,50,vanilla,free_v
1195,59.0,805.8783034635045,50,vanilla,free_v
1196,71.0,1106.9783989329592,50,vanilla,free_v
1197,78.0,916.0712022929132,50,vanilla,free_v
1198,153.0,1286.1293789614351,50,vanilla,free_v
1199,81.0,1261.2137319104409,50,vanilla,free_v
1200,56.0,5248.741888107421,100,vanilla,free_v
1201,63.0,1890.3961054220624,100,vanilla,free_v
1202,50.0,210805813.1222776,100,vanilla,free_v
1203,90.0,1979.0776833703396,100,vanilla,free_v
1204,100.0,2392.1255592535417,100,vanilla,free_v
1205,70.0,1927.5261210556191,100,vanilla,free_v
1206,77.0,2134.458562698505,100,vanilla,free_v
1207,65.0,2356.433194468078,100,vanilla,free_v
1208,37.0,1970.745856869862,100,vanilla,free_v
1209,27.0,2175.425397730333,100,vanilla,free_v
1210,90.0,2782.1821518464944,100,vanilla,free_v
1211,77.0,2100.2000532765296,100,vanilla,free_v
1212,80.0,2471.676049155408,100,vanilla,free_v
1213,42.0,1926.8028470878503,100,vanilla,free_v
1214,66.0,2341.718435069145,100,vanilla,free_v
1215,91.0,2498.237291005976,100,vanilla,free_v
1216,84.0,1853.7043810155292,100,vanilla,free_v
1217,33.0,1205167897.4778793,100,vanilla,free_v
1218,73.0,1854.5694769930087,100,vanilla,free_v
1219,89.0,2223.8254119361554,100,vanilla,free_v
1220,73.0,2423.0691996914934,100,vanilla,free_v
1221,67.0,1785.3552595543997,100,vanilla,free_v
1222,68.0,2089.980898691181,100,vanilla,free_v
1223,48.0,2098.1088939290858,100,vanilla,free_v
1224,78.0,1866.8571330176824,100,vanilla,free_v
1225,83.0,1982.156640004669,100,vanilla,free_v
1226,69.0,1875.6410934192693,100,vanilla,free_v
1227,106.0,5285.475991894504,100,vanilla,free_v
1228,76.0,1898.351035781305,100,vanilla,free_v
1229,75.0,2238.970007303832,100,vanilla,free_v
1230,45.0,2342.36002246634,100,vanilla,free_v
1231,64.0,2070.4441032130244,100,vanilla,free_v
1232,85.0,2089.621191960249,100,vanilla,free_v
1233,59.0,2257.708608400256,100,vanilla,free_v
1234,87.0,2599.8630088380382,100,vanilla,free_v
1235,129.0,1944.141444005592,100,vanilla,free_v
1236,31.0,13768.73442232159,100,vanilla,free_v
1237,61.0,2355.3906586212943,100,vanilla,free_v
1238,79.0,2433.2248198723355,100,vanilla,free_v
1239,75.0,1907.2727542979749,100,vanilla,free_v
1240,79.0,1765.5179473345297,100,vanilla,free_v
1241,81.0,1980.8466168896584,100,vanilla,free_v
1242,45.0,1773.5395866372792,100,vanilla,free_v
1243,108.0,2423.927041106521,100,vanilla,free_v
1244,82.0,2197.028324651753,100,vanilla,free_v
1245,78.0,1811.290498866291,100,vanilla,free_v
1246,97.0,1922.7245840468104,100,vanilla,free_v
1247,91.0,1759.1625067495072,100,vanilla,free_v
1248,81.0,1936.79241924942,100,vanilla,free_v
1249,89.0,2539.5696827362017,100,vanilla,free_v
1250,69.0,2570.40921848778,100,vanilla,free_v
1251,90.0,2119.0032846686045,100,vanilla,free_v
1252,66.0,1963.985434292419,100,vanilla,free_v
1253,80.0,1753.471459936958,100,vanilla,free_v
1254,83.0,2302.0525798681783,100,vanilla,free_v
1255,75.0,2357.561739030481,100,vanilla,free_v
1256,82.0,1793.5049385680206,100,vanilla,free_v
1257,95.0,1811.6214323267943,100,vanilla,free_v
1258,76.0,1832.3217956852225,100,vanilla,free_v
1259,65.0,1412.446351222824,100,vanilla,free_v
1260,85.0,2317.819850260521,100,vanilla,free_v
1261,67.0,2090.9177487598668,100,vanilla,free_v
1262,76.0,2318.1194901086005,100,vanilla,free_v
1263,84.0,3448.071576789616,100,vanilla,free_v
1264,71.0,2035.547714378002,100,vanilla,free_v
1265,79.0,1789.8502212538804,100,vanilla,free_v
1266,105.0,2830.012527220562,100,vanilla,free_v
1267,79.0,2184.117722820011,100,vanilla,free_v
1268,71.0,2327.570884620212,100,vanilla,free_v
1269,88.0,2149.6198895304337,100,vanilla,free_v
1270,79.0,1932.0742043555815,100,vanilla,free_v
1271,94.0,1790.7164285634244,100,vanilla,free_v
1272,81.0,1884.197847788332,100,vanilla,free_v
1273,52.0,1926.309024165407,100,vanilla,free_v
1274,67.0,2141.7620951062427,100,vanilla,free_v
1275,118.0,2498.167022416005,100,vanilla,free_v
1276,74.0,5695.805881361578,100,vanilla,free_v
1277,47.0,2114.7516358358257,100,vanilla,free_v
1278,97.0,2443.2120598719134,100,vanilla,free_v
1279,70.0,2500.2949808020567,100,vanilla,free_v
1280,63.0,2352.7020900314365,100,vanilla,free_v
1281,89.0,2076.8155953489822,100,vanilla,free_v
1282,68.0,2143.186380495877,100,vanilla,free_v
1283,87.0,1739.332520884442,100,vanilla,free_v
1284,81.0,2370.025348588798,100,vanilla,free_v
1285,83.0,2093.325481475938,100,vanilla,free_v
1286,94.0,2112.84051380682,100,vanilla,free_v
1287,88.0,1777.1616574561003,100,vanilla,free_v
1288,46.0,2161.3014670675702,100,vanilla,free_v
1289,47.0,2255.24959529063,100,vanilla,free_v
1290,76.0,2006.3120705104843,100,vanilla,free_v
1291,30.0,1791.9375232922148,100,vanilla,free_v
1292,77.0,2143.839098959307,100,vanilla,free_v
1293,78.0,2211.204122041864,100,vanilla,free_v
1294,78.0,1833.0277407912292,100,vanilla,free_v
1295,51.0,7640.010031103977,100,vanilla,free_v
1296,68.0,1943.5614869171905,100,vanilla,free_v
1297,101.0,2056.941040475984,100,vanilla,free_v
1298,90.0,2337.9980654515825,100,vanilla,free_v
1299,103.0,2425.240142858234,100,vanilla,free_v
1300,70.0,2050.3702563072097,100,vanilla,free_v
1301,50.0,6397.427050835615,100,vanilla,free_v
1302,55.0,2073.835446067804,100,vanilla,free_v
1303,57.0,1719.8055344061656,100,vanilla,free_v
1304,49.0,2146.2115677187544,100,vanilla,free_v
1305,73.0,2164.8076896495118,100,vanilla,free_v
1306,94.0,1993.0976287461683,100,vanilla,free_v
1307,129.0,2261.94798807554,100,vanilla,free_v
1308,111.0,1976.3598421068773,100,vanilla,free_v
1309,68.0,2214.0758530438447,100,vanilla,free_v
1310,46.0,2069.7063555347795,100,vanilla,free_v
1311,77.0,2220.1971901764564,100,vanilla,free_v
1312,67.0,2370.3786365785663,100,vanilla,free_v
1313,73.0,2240.1606403798164,100,vanilla,free_v
1314,62.0,2088.484759016565,100,vanilla,free_v
1315,61.0,2050.952497984025,100,vanilla,free_v
1316,89.0,2024.5307822508405,100,vanilla,free_v
1317,75.0,3123.3931134772097,100,vanilla,free_v
1318,58.0,2085.0328258175923,100,vanilla,free_v
1319,79.0,2328.4730087776647,100,vanilla,free_v
1320,79.0,1515.753720168933,100,vanilla,free_v
1321,83.0,2812.2664954076326,100,vanilla,free_v
1322,68.0,2269.113381185521,100,vanilla,free_v
1323,38.0,2487.722840889798,100,vanilla,free_v
1324,64.0,1871.023546543472,100,vanilla,free_v
1325,90.0,1852.3861066208103,100,vanilla,free_v
1326,72.0,2095.9479275357176,100,vanilla,free_v
1327,75.0,1933.2044646472737,100,vanilla,free_v
1328,55.0,2119.3845360281603,100,vanilla,free_v
1329,148.0,1962.969417416861,100,vanilla,free_v
1330,39.0,2227.667273969489,100,vanilla,free_v
1331,90.0,2362.3380573602158,100,vanilla,free_v
1332,101.0,2228.541212697929,100,vanilla,free_v
1333,51.0,2273.998229042799,100,vanilla,free_v
1334,46.0,1987.890519822004,100,vanilla,free_v
1335,74.0,1874.9555286928637,100,vanilla,free_v
1336,53.0,1937.1527331209877,100,vanilla,free_v
1337,83.0,2046.3004057709009,100,vanilla,free_v
1338,68.0,2091.3081842241136,100,vanilla,free_v
1339,64.0,2258542.014632211,100,vanilla,free_v
1340,65.0,2212.491968011892,100,vanilla,free_v
1341,75.0,1935.619894702732,100,vanilla,free_v
1342,116.0,2312.5716118423425,100,vanilla,free_v
1343,66.0,1711.3664040926697,100,vanilla,free_v
1344,146.0,2136.445618851992,100,vanilla,free_v
1345,83.0,2036.977437553796,100,vanilla,free_v
1346,101.0,2064.7618504243305,100,vanilla,free_v
1347,111.0,2074.143569174524,100,vanilla,free_v
1348,89.0,2053.158047261953,100,vanilla,free_v
1349,70.0,2225.3026828224592,100,vanilla,free_v
1350,85.0,2174.045256587115,100,vanilla,free_v
1351,95.0,2234.558557507128,100,vanilla,free_v
1352,77.0,2175.91795966252,100,vanilla,free_v
1353,78.0,30147.56929096293,100,vanilla,free_v
1354,84.0,2082.96346646862,100,vanilla,free_v
1355,86.0,2047.2807339167384,100,vanilla,free_v
1356,70.0,2145.687163594751,100,vanilla,free_v
1357,65.0,2168.1416878483437,100,vanilla,free_v
1358,79.0,2208.092392288242,100,vanilla,free_v
1359,130.0,2193.492803464587,100,vanilla,free_v
1360,72.0,2188.7615149055823,100,vanilla,free_v
1361,77.0,2185.0556067734883,100,vanilla,free_v
1362,80.0,2045.1136746603436,100,vanilla,free_v
1363,75.0,2217.62390093965,100,vanilla,free_v
1364,59.0,77695.38557997033,100,vanilla,free_v
1365,83.0,1766.362230048719,100,vanilla,free_v
1366,100.0,2158.6652320466856,100,vanilla,free_v
1367,93.0,1874.699737471317,100,vanilla,free_v
1368,63.0,2011.601086289874,100,vanilla,free_v
1369,74.0,2378.767554888649,100,vanilla,free_v
1370,74.0,2140.664108427468,100,vanilla,free_v
1371,127.0,40349.24248499978,100,vanilla,free_v
1372,40.0,2065.1447826948283,100,vanilla,free_v
1373,135.0,2138.154688381141,100,vanilla,free_v
1374,140.0,2126.044051931227,100,vanilla,free_v
1375,80.0,2508.625377032716,100,vanilla,free_v
1376,90.0,1971.830221173912,100,vanilla,free_v
1377,87.0,3379500.835278012,100,vanilla,free_v
1378,82.0,2079.742182274917,100,vanilla,free_v
1379,82.0,2288.4067219691287,100,vanilla,free_v
1380,101.0,1982.412286518232,100,vanilla,free_v
1381,78.0,2215.2733377641543,100,vanilla,free_v
1382,56.0,2255.6643092633644,100,vanilla,free_v
1383,77.0,2126.324542212918,100,vanilla,free_v
1384,91.0,1718.0803707321998,100,vanilla,free_v
1385,78.0,1721.9201118925728,100,vanilla,free_v
1386,41.0,1949.917174008676,100,vanilla,free_v
1387,63.0,3179.455056083846,100,vanilla,free_v
1388,85.0,2131.7891014834754,100,vanilla,free_v
1389,59.0,1615.190021652803,100,vanilla,free_v
1390,80.0,2234.534383683851,100,vanilla,free_v
1391,76.0,2435.074911585325,100,vanilla,free_v
1392,87.0,1835.4717618410389,100,vanilla,free_v
1393,62.0,2205.2349807253704,100,vanilla,free_v
1394,57.0,2081.361707998972,100,vanilla,free_v
1395,42.0,2044.904001298761,100,vanilla,free_v
1396,69.0,2074.5005923329595,100,vanilla,free_v
1397,75.0,1903.776093298065,100,vanilla,free_v
1398,88.0,2076.2762261299786,100,vanilla,free_v
1399,81.0,1961.5670086161283,100,vanilla,free_v
1400,102.0,5289.555306561396,250,vanilla,free_v
1401,72.0,5126.00986514734,250,vanilla,free_v
1402,84.0,5464.617758318319,250,vanilla,free_v
1403,80.0,5790.586977074446,250,vanilla,free_v
1404,87.0,5339.376991501173,250,vanilla,free_v
1405,88.0,4517.613040737772,250,vanilla,free_v
1406,95.0,4792.174407662951,250,vanilla,free_v
1407,76.0,5063.661054302454,250,vanilla,free_v
1408,65.0,5073.689300172425,250,vanilla,free_v
1409,91.0,5568.758820519678,250,vanilla,free_v
1410,71.0,5371.053443053126,250,vanilla,free_v
1411,84.0,5862.690511871497,250,vanilla,free_v
1412,91.0,4675.968455904879,250,vanilla,free_v
1413,93.0,4714.398760040453,250,vanilla,free_v
1414,51.0,6228.997612731564,250,vanilla,free_v
1415,87.0,5070.134728495055,250,vanilla,free_v
1416,88.0,5556.071591169619,250,vanilla,free_v
1417,84.0,5144.873357166158,250,vanilla,free_v
1418,76.0,4535.613274845366,250,vanilla,free_v
1419,93.0,5239.080808346482,250,vanilla,free_v
1420,75.0,4357.952139787344,250,vanilla,free_v
1421,95.0,4834.221919138702,250,vanilla,free_v
1422,85.0,5280.275118753514,250,vanilla,free_v
1423,73.0,5734.398944516119,250,vanilla,free_v
1424,90.0,5114.062078539964,250,vanilla,free_v
1425,95.0,4857.756732912751,250,vanilla,free_v
1426,107.0,5599.125111569864,250,vanilla,free_v
1427,66.0,5096.465618934063,250,vanilla,free_v
1428,70.0,5394.968407939086,250,vanilla,free_v
1429,67.0,5483.907027651331,250,vanilla,free_v
1430,95.0,5132.022759610938,250,vanilla,free_v
1431,90.0,5463.314508337735,250,vanilla,free_v
1432,80.0,5277.752067744415,250,vanilla,free_v
1433,91.0,5060.38029583558,250,vanilla,free_v
1434,69.0,5373.7395628302165,250,vanilla,free_v
1435,81.0,5076.822993305373,250,vanilla,free_v
1436,93.0,5677.321248648329,250,vanilla,free_v
1437,70.0,4805.3749492661655,250,vanilla,free_v
1438,58.0,5381.536190754908,250,vanilla,free_v
1439,91.0,28958.65906071068,250,vanilla,free_v
1440,84.0,5198.648647517225,250,vanilla,free_v
1441,78.0,5414.282243931072,250,vanilla,free_v
1442,76.0,257403.580854419,250,vanilla,free_v
1443,82.0,5100.232896149773,250,vanilla,free_v
1444,75.0,5714.569787201442,250,vanilla,free_v
1445,67.0,5537.251088729016,250,vanilla,free_v
1446,86.0,5666.743727449424,250,vanilla,free_v
1447,59.0,6631.507587380556,250,vanilla,free_v
1448,64.0,5254.405853660449,250,vanilla,free_v
1449,85.0,5235.452063466289,250,vanilla,free_v
1450,85.0,35175.57760312073,250,vanilla,free_v
1451,104.0,5638.733489591437,250,vanilla,free_v
1452,99.0,5174.639046460122,250,vanilla,free_v
1453,82.0,5260.90737358071,250,vanilla,free_v
1454,100.0,5533.763786107159,250,vanilla,free_v
1455,78.0,5210.787195035046,250,vanilla,free_v
1456,64.0,4309.621884195766,250,vanilla,free_v
1457,61.0,5709.173504722715,250,vanilla,free_v
1458,86.0,5073.033056115554,250,vanilla,free_v
1459,65.0,4504.879903864747,250,vanilla,free_v
1460,72.0,5800.256368899839,250,vanilla,free_v
1461,80.0,4860.027611512339,250,vanilla,free_v
1462,91.0,5640.081448391591,250,vanilla,free_v
1463,92.0,4318.300415366828,250,vanilla,free_v
1464,97.0,5119.174365566491,250,vanilla,free_v
1465,51.0,5040.7547659570455,250,vanilla,free_v
1466,105.0,4681.000272335888,250,vanilla,free_v
1467,77.0,5207.176799194321,250,vanilla,free_v
1468,99.0,4979.904894984425,250,vanilla,free_v
1469,85.0,5601.891149308059,250,vanilla,free_v
1470,100.0,5658.24236124494,250,vanilla,free_v
1471,89.0,4450.665009390523,250,vanilla,free_v
1472,89.0,5377.772268601402,250,vanilla,free_v
1473,73.0,5294.797331676879,250,vanilla,free_v
1474,94.0,4517.922234453291,250,vanilla,free_v
1475,87.0,5301.429967680179,250,vanilla,free_v
1476,59.0,5270.465211873414,250,vanilla,free_v
1477,87.0,5340.886914252032,250,vanilla,free_v
1478,98.0,5031.814106424393,250,vanilla,free_v
1479,148.0,5519.628578744094,250,vanilla,free_v
1480,96.0,5348.281692479511,250,vanilla,free_v
1481,60.0,479759.6844065143,250,vanilla,free_v
1482,82.0,4963.307600256062,250,vanilla,free_v
1483,37.0,5352.181980173213,250,vanilla,free_v
1484,83.0,5656.435368187605,250,vanilla,free_v
1485,75.0,5385.497128907018,250,vanilla,free_v
1486,72.0,4844.516265525816,250,vanilla,free_v
1487,98.0,5239.370118279961,250,vanilla,free_v
1488,57.0,102225.23344517288,250,vanilla,free_v
1489,85.0,5365.671797778257,250,vanilla,free_v
1490,90.0,4838.956172905212,250,vanilla,free_v
1491,102.0,5479.5507290824125,250,vanilla,free_v
1492,55.0,4902.689704242563,250,vanilla,free_v
1493,80.0,5284.600085148805,250,vanilla,free_v
1494,50.0,5414.274345662921,250,vanilla,free_v
1495,90.0,13424.23995041464,250,vanilla,free_v
1496,163.0,4350.624680414657,250,vanilla,free_v
1497,97.0,5159.138743363122,250,vanilla,free_v
1498,87.0,5579.647401461612,250,vanilla,free_v
1499,96.0,5455.115933197103,250,vanilla,free_v
1500,81.0,18514.43522256297,250,vanilla,free_v
1501,73.0,4972.259720305621,250,vanilla,free_v
1502,83.0,5297.076277510766,250,vanilla,free_v
1503,95.0,5450.479244636211,250,vanilla,free_v
1504,86.0,112667.0564452969,250,vanilla,free_v
1505,67.0,5132.374129527402,250,vanilla,free_v
1506,101.0,5414.436567658189,250,vanilla,free_v
1507,77.0,5236.5876867258985,250,vanilla,free_v
1508,84.0,4708.109111926146,250,vanilla,free_v
1509,87.0,5838.401043953181,250,vanilla,free_v
1510,74.0,5034.2905937370215,250,vanilla,free_v
1511,72.0,4885.877109348548,250,vanilla,free_v
1512,92.0,5244.260765590067,250,vanilla,free_v
1513,82.0,5659.945304120547,250,vanilla,free_v
1514,84.0,5511.737111907839,250,vanilla,free_v
1515,74.0,5839.329163648742,250,vanilla,free_v
1516,46.0,5449.038375416542,250,vanilla,free_v
1517,70.0,4482.3370079107945,250,vanilla,free_v
1518,95.0,5450.816378229886,250,vanilla,free_v
1519,67.0,5609.445515505919,250,vanilla,free_v
1520,96.0,5536.041801650048,250,vanilla,free_v
1521,93.0,5243.137774146144,250,vanilla,free_v
1522,88.0,5093.836933134967,250,vanilla,free_v
1523,84.0,5748.16452352986,250,vanilla,free_v
1524,68.0,5380.16580041183,250,vanilla,free_v
1525,98.0,4523.918947507831,250,vanilla,free_v
1526,72.0,5169.495602516261,250,vanilla,free_v
1527,88.0,5682.549766857477,250,vanilla,free_v
1528,86.0,4699.309423728749,250,vanilla,free_v
1529,89.0,5130.046969653213,250,vanilla,free_v
1530,95.0,5610.727607502291,250,vanilla,free_v
1531,78.0,4949.391449687199,250,vanilla,free_v
1532,89.0,5019.986370790308,250,vanilla,free_v
1533,94.0,5079.829176651696,250,vanilla,free_v
1534,100.0,5335.005144897865,250,vanilla,free_v
1535,68.0,5159.740909998959,250,vanilla,free_v
1536,86.0,4858.270617045755,250,vanilla,free_v
1537,88.0,5809.113506020436,250,vanilla,free_v
1538,78.0,5739.055091737641,250,vanilla,free_v
1539,95.0,5266.207529158241,250,vanilla,free_v
1540,90.0,4646.905000926534,250,vanilla,free_v
1541,93.0,5642.262728610329,250,vanilla,free_v
1542,92.0,5084.044516412374,250,vanilla,free_v
1543,66.0,4874.523152252564,250,vanilla,free_v
1544,93.0,5117.585176656445,250,vanilla,free_v
1545,87.0,4993.216382628745,250,vanilla,free_v
1546,81.0,5006.434402126713,250,vanilla,free_v
1547,100.0,5238.532271875257,250,vanilla,free_v
1548,46.0,4857.610049014807,250,vanilla,free_v
1549,67.0,5552.362518606152,250,vanilla,free_v
1550,101.0,5276.117956099071,250,vanilla,free_v
1551,76.0,4749.936954681633,250,vanilla,free_v
1552,94.0,5609.218738918392,250,vanilla,free_v
1553,75.0,4782.064005934187,250,vanilla,free_v
1554,46.0,4608.496920476573,250,vanilla,free_v
1555,156.0,5817.471298550256,250,vanilla,free_v
1556,81.0,63328.92185492998,250,vanilla,free_v
1557,103.0,5860.533498913658,250,vanilla,free_v
1558,83.0,5211.749031754999,250,vanilla,free_v
1559,41.0,1665312.38607324,250,vanilla,free_v
1560,76.0,4804.750537840959,250,vanilla,free_v
1561,69.0,4806.021915475344,250,vanilla,free_v
1562,91.0,4925.687555448079,250,vanilla,free_v
1563,102.0,5547.857560834016,250,vanilla,free_v
1564,91.0,5653.855216114496,250,vanilla,free_v
1565,83.0,5173.3455290879765,250,vanilla,free_v
1566,82.0,5117.529557579673,250,vanilla,free_v
1567,95.0,4707.4078239585015,250,vanilla,free_v
1568,88.0,4938.187378983152,250,vanilla,free_v
1569,75.0,5310.011629987048,250,vanilla,free_v
1570,80.0,5530.775602679126,250,vanilla,free_v
1571,46.0,110521.55688897822,250,vanilla,free_v
1572,69.0,4958.919070278431,250,vanilla,free_v
1573,80.0,4918.935094617542,250,vanilla,free_v
1574,90.0,5252.994748332384,250,vanilla,free_v
1575,89.0,6491.908787840882,250,vanilla,free_v
1576,80.0,5171.043807845821,250,vanilla,free_v
1577,60.0,4953.87357278511,250,vanilla,free_v
1578,73.0,4551.236161076795,250,vanilla,free_v
1579,82.0,5571.475939870852,250,vanilla,free_v
1580,73.0,4916.261784875857,250,vanilla,free_v
1581,100.0,4825.753342204349,250,vanilla,free_v
1582,82.0,4947.933358535292,250,vanilla,free_v
1583,66.0,6626.458363980159,250,vanilla,free_v
1584,72.0,5645.444106654668,250,vanilla,free_v
1585,89.0,5328.318731689641,250,vanilla,free_v
1586,143.0,5077.396747238107,250,vanilla,free_v
1587,67.0,5102.72406357453,250,vanilla,free_v
1588,120.0,5223.864432320821,250,vanilla,free_v
1589,58.0,5110.221877560109,250,vanilla,free_v
1590,91.0,5191.364735675717,250,vanilla,free_v
1591,93.0,5202.04696350593,250,vanilla,free_v
1592,71.0,5289.765263964234,250,vanilla,free_v
1593,61.0,5728.895625162169,250,vanilla,free_v
1594,83.0,4796.893648802446,250,vanilla,free_v
1595,44.0,4736.136625518413,250,vanilla,free_v
1596,78.0,4437.929774301508,250,vanilla,free_v
1597,79.0,4887.081173686639,250,vanilla,free_v
1598,81.0,4986.787429758238,250,vanilla,free_v
1599,150.0,5461.969523974072,250,vanilla,free_v
1600,86.0,10426.46426460499,500,vanilla,free_v
1601,63.0,10000.730995155607,500,vanilla,free_v
1602,83.0,10835.151556175168,500,vanilla,free_v
1603,79.0,10319.515523609263,500,vanilla,free_v
1604,87.0,10048.69403403313,500,vanilla,free_v
1605,143.0,9915.387344809553,500,vanilla,free_v
1606,80.0,10367.728061575435,500,vanilla,free_v
1607,76.0,11183.77423352062,500,vanilla,free_v
1608,89.0,10007.015480512138,500,vanilla,free_v
1609,50.0,10640.377261491123,500,vanilla,free_v
1610,54.0,76378.33244266016,500,vanilla,free_v
1611,89.0,58390.64200287892,500,vanilla,free_v
1612,72.0,9145.236843033465,500,vanilla,free_v
1613,91.0,10340.202806074918,500,vanilla,free_v
1614,86.0,10764.246792784215,500,vanilla,free_v
1615,90.0,10715.71714346506,500,vanilla,free_v
1616,62.0,10352.960464200569,500,vanilla,free_v
1617,85.0,11205.626825805824,500,vanilla,free_v
1618,46.0,10113.719636882412,500,vanilla,free_v
1619,79.0,11138.734927541693,500,vanilla,free_v
1620,39.0,9895.004702904962,500,vanilla,free_v
1621,90.0,9778.588438292374,500,vanilla,free_v
1622,67.0,11042.530988646382,500,vanilla,free_v
1623,130.0,10961.090678740122,500,vanilla,free_v
1624,65.0,11024.70223765613,500,vanilla,free_v
1625,72.0,10290.641105586114,500,vanilla,free_v
1626,72.0,10770.289517272333,500,vanilla,free_v
1627,87.0,10852.88446793687,500,vanilla,free_v
1628,84.0,10414.152405285671,500,vanilla,free_v
1629,68.0,10073.921770382403,500,vanilla,free_v
1630,52.0,10239.053650701251,500,vanilla,free_v
1631,71.0,10446.157731931138,500,vanilla,free_v
1632,85.0,10835.10994105372,500,vanilla,free_v
1633,42.0,194176.28813327063,500,vanilla,free_v
1634,58.0,4450117.906497023,500,vanilla,free_v
1635,57.0,10051.060616133043,500,vanilla,free_v
1636,84.0,27891.824202282995,500,vanilla,free_v
1637,76.0,9455.29205540583,500,vanilla,free_v
1638,83.0,11252.657910552698,500,vanilla,free_v
1639,83.0,10919.998676480423,500,vanilla,free_v
1640,70.0,10595.06695399387,500,vanilla,free_v
1641,74.0,9964.53470708368,500,vanilla,free_v
1642,86.0,10457.8663750606,500,vanilla,free_v
1643,47.0,10180.553891562631,500,vanilla,free_v
1644,86.0,9742.35319258762,500,vanilla,free_v
1645,72.0,11496.327255512007,500,vanilla,free_v
1646,63.0,10838.680761363135,500,vanilla,free_v
1647,75.0,8665.782527260162,500,vanilla,free_v
1648,75.0,11136.189254439092,500,vanilla,free_v
1649,72.0,8798.163213688298,500,vanilla,free_v
1650,85.0,10736.931896577453,500,vanilla,free_v
1651,84.0,11037.684102277826,500,vanilla,free_v
1652,80.0,10163.682079297949,500,vanilla,free_v
1653,77.0,10911.739448271925,500,vanilla,free_v
1654,76.0,11466.44099654619,500,vanilla,free_v
1655,147.0,11072.14662595354,500,vanilla,free_v
1656,76.0,11396.469700169366,500,vanilla,free_v
1657,89.0,10309.246821632823,500,vanilla,free_v
1658,87.0,11340.796088688829,500,vanilla,free_v
1659,74.0,10764.434451805282,500,vanilla,free_v
1660,78.0,10303.279278827276,500,vanilla,free_v
1661,63.0,10516.070912367515,500,vanilla,free_v
1662,84.0,10519.84761428592,500,vanilla,free_v
1663,86.0,10012.084607783529,500,vanilla,free_v
1664,88.0,11300.93694205637,500,vanilla,free_v
1665,69.0,9708.98675341359,500,vanilla,free_v
1666,63.0,9658.77149030007,500,vanilla,free_v
1667,81.0,10866.353218886885,500,vanilla,free_v
1668,93.0,9825.940776811489,500,vanilla,free_v
1669,74.0,10678.182421630929,500,vanilla,free_v
1670,46.0,10655.832611107253,500,vanilla,free_v
1671,83.0,8985188.07742377,500,vanilla,free_v
1672,67.0,10180.721547194653,500,vanilla,free_v
1673,68.0,10837.56685115606,500,vanilla,free_v
1674,68.0,10647.901627915124,500,vanilla,free_v
1675,88.0,11116.299119621444,500,vanilla,free_v
1676,85.0,11120.453156912374,500,vanilla,free_v
1677,89.0,11378.326894969225,500,vanilla,free_v
1678,53.0,11389.503836470873,500,vanilla,free_v
1679,63.0,9607.099840060137,500,vanilla,free_v
1680,88.0,10888.647195019495,500,vanilla,free_v
1681,94.0,11146.821665673742,500,vanilla,free_v
1682,63.0,10951.157274906673,500,vanilla,free_v
1683,77.0,9909.84230035684,500,vanilla,free_v
1684,81.0,10545.793999227031,500,vanilla,free_v
1685,78.0,11166.024441772814,500,vanilla,free_v
1686,58.0,10422.26270425114,500,vanilla,free_v
1687,78.0,10614.787729868602,500,vanilla,free_v
1688,72.0,9984.412092671417,500,vanilla,free_v
1689,79.0,10026.822093964664,500,vanilla,free_v
1690,68.0,10962.585550576658,500,vanilla,free_v
1691,83.0,9846.997339981766,500,vanilla,free_v
1692,65.0,10356.940387235343,500,vanilla,free_v
1693,82.0,9967.432643953707,500,vanilla,free_v
1694,73.0,10688.502676285389,500,vanilla,free_v
1695,73.0,9925.698999201157,500,vanilla,free_v
1696,63.0,9949.329820658908,500,vanilla,free_v
1697,60.0,10144.963070362714,500,vanilla,free_v
1698,58.0,10637.142871012433,500,vanilla,free_v
1699,51.0,10336.744853892833,500,vanilla,free_v
1700,77.0,10385.17687805558,500,vanilla,free_v
1701,83.0,9255.818407289722,500,vanilla,free_v
1702,63.0,9563.723528318762,500,vanilla,free_v
1703,77.0,10339.914526898214,500,vanilla,free_v
1704,81.0,9584.567912031003,500,vanilla,free_v
1705,49.0,10579.218705624877,500,vanilla,free_v
1706,46.0,10724.188349797723,500,vanilla,free_v
1707,68.0,9260.682046747505,500,vanilla,free_v
1708,62.0,10349.237372243804,500,vanilla,free_v
1709,73.0,11209.46681586584,500,vanilla,free_v
1710,63.0,11493.52475391071,500,vanilla,free_v
1711,62.0,11682.56590838436,500,vanilla,free_v
1712,83.0,10707.09876197826,500,vanilla,free_v
1713,70.0,9243.238878245853,500,vanilla,free_v
1714,57.0,10401.265142132248,500,vanilla,free_v
1715,63.0,10744.439036154765,500,vanilla,free_v
1716,93.0,21130.119412951022,500,vanilla,free_v
1717,90.0,10213.204041417634,500,vanilla,free_v
1718,63.0,9630.183475786462,500,vanilla,free_v
1719,65.0,10480.924712763688,500,vanilla,free_v
1720,69.0,9481.897821357452,500,vanilla,free_v
1721,73.0,9729.815300446617,500,vanilla,free_v
1722,58.0,10475.772786926036,500,vanilla,free_v
1723,46.0,33826.24146584591,500,vanilla,free_v
1724,43.0,9907.110586927667,500,vanilla,free_v
1725,73.0,10986.998482110615,500,vanilla,free_v
1726,72.0,10579.258134070102,500,vanilla,free_v
1727,78.0,10151.012752371837,500,vanilla,free_v
1728,92.0,10944.876327304117,500,vanilla,free_v
1729,76.0,9998.353748273785,500,vanilla,free_v
1730,76.0,9682.892800994578,500,vanilla,free_v
1731,84.0,9795.053267760202,500,vanilla,free_v
1732,67.0,14606.290355423313,500,vanilla,free_v
1733,76.0,10137.925837401424,500,vanilla,free_v
1734,84.0,10162.552390300218,500,vanilla,free_v
1735,85.0,11321.456521498449,500,vanilla,free_v
1736,74.0,10543.160923123489,500,vanilla,free_v
1737,84.0,11026.404124504515,500,vanilla,free_v
1738,83.0,10400.985340503685,500,vanilla,free_v
1739,63.0,9621.890777580636,500,vanilla,free_v
1740,73.0,9173.067898762114,500,vanilla,free_v
1741,80.0,10431.530862013144,500,vanilla,free_v
1742,101.0,10736.746828429055,500,vanilla,free_v
1743,53.0,10167.19323998306,500,vanilla,free_v
1744,90.0,9925.655481967207,500,vanilla,free_v
1745,89.0,11269.013400408354,500,vanilla,free_v
1746,89.0,113944010.47134086,500,vanilla,free_v
1747,63.0,9558.071571743223,500,vanilla,free_v
1748,150.0,21676.274426991746,500,vanilla,free_v
1749,75.0,9846.833730272949,500,vanilla,free_v
1750,78.0,10771.111966666474,500,vanilla,free_v
1751,73.0,10356.620077125086,500,vanilla,free_v
1752,80.0,10373.69648219161,500,vanilla,free_v
1753,90.0,10323.77000566074,500,vanilla,free_v
1754,86.0,11264.533717763832,500,vanilla,free_v
1755,77.0,11049.73584676568,500,vanilla,free_v
1756,82.0,9524.103411940589,500,vanilla,free_v
1757,76.0,11280.989240573224,500,vanilla,free_v
1758,79.0,11238.572206910569,500,vanilla,free_v
1759,89.0,9997.45209354658,500,vanilla,free_v
1760,83.0,10168.480246044692,500,vanilla,free_v
1761,193.0,10739.65707810944,500,vanilla,free_v
1762,105.0,11343.313948574976,500,vanilla,free_v
1763,89.0,9726.348987362391,500,vanilla,free_v
1764,56.0,10434.98765126972,500,vanilla,free_v
1765,156.0,9898.335110915055,500,vanilla,free_v
1766,87.0,9734.609311697965,500,vanilla,free_v
1767,83.0,11310.378003364209,500,vanilla,free_v
1768,61.0,11839640.999860575,500,vanilla,free_v
1769,88.0,10114.156623442444,500,vanilla,free_v
1770,59.0,9357.6730941908,500,vanilla,free_v
1771,89.0,10170.072157319071,500,vanilla,free_v
1772,123.0,10744.860355214543,500,vanilla,free_v
1773,84.0,9660.540676373876,500,vanilla,free_v
1774,83.0,11576.474087845712,500,vanilla,free_v
1775,59.0,9561.27015392754,500,vanilla,free_v
1776,72.0,10913.334634805691,500,vanilla,free_v
1777,79.0,9853.433661459649,500,vanilla,free_v
1778,75.0,10790.407339738473,500,vanilla,free_v
1779,70.0,9922.929941827328,500,vanilla,free_v
1780,78.0,9205.608414334669,500,vanilla,free_v
1781,80.0,10727.079457624988,500,vanilla,free_v
1782,88.0,10330.660748185972,500,vanilla,free_v
1783,84.0,10704.802873839368,500,vanilla,free_v
1784,64.0,11063.136292453988,500,vanilla,free_v
1785,59.0,9754.492426365705,500,vanilla,free_v
1786,74.0,10952.238363168532,500,vanilla,free_v
1787,67.0,10395.059986701854,500,vanilla,free_v
1788,42.0,10465.2456898029,500,vanilla,free_v
1789,68.0,10589.402369313302,500,vanilla,free_v
1790,77.0,9886.212345042568,500,vanilla,free_v
1791,73.0,9805.577766165185,500,vanilla,free_v
1792,70.0,9841.10509871124,500,vanilla,free_v
1793,87.0,10225.860296004095,500,vanilla,free_v
1794,75.0,9929.714058427497,500,vanilla,free_v
1795,88.0,9786.896552476856,500,vanilla,free_v
1796,100.0,10238.823511735196,500,vanilla,free_v
1797,60.0,32395.127213533407,500,vanilla,free_v
1798,64.0,10250.376594378073,500,vanilla,free_v
1799,29.0,12036.649964056016,500,vanilla,free_v
1800,88.0,21162.34983240745,1000,vanilla,free_v
1801,67.0,21539.765522766666,1000,vanilla,free_v
1802,98.0,20258.283386371484,1000,vanilla,free_v
1803,72.0,22366.48976431993,1000,vanilla,free_v
1804,92.0,20493.75245953793,1000,vanilla,free_v
1805,91.0,22134.5959179413,1000,vanilla,free_v
1806,93.0,21563.262575569926,1000,vanilla,free_v
1807,126.0,21003.773708293367,1000,vanilla,free_v
1808,91.0,21152.137583502237,1000,vanilla,free_v
1809,82.0,21695.28857793068,1000,vanilla,free_v
1810,60.0,20950.444956619987,1000,vanilla,free_v
1811,76.0,20539.934097611535,1000,vanilla,free_v
1812,94.0,21929.00255099324,1000,vanilla,free_v
1813,94.0,20150.41209976306,1000,vanilla,free_v
1814,74.0,21772.42229189122,1000,vanilla,free_v
1815,75.0,21068.190165734894,1000,vanilla,free_v
1816,94.0,22181.59760231184,1000,vanilla,free_v
1817,78.0,21820.24685185381,1000,vanilla,free_v
1818,53.0,20380.67536088146,1000,vanilla,free_v
1819,86.0,23954.92796176004,1000,vanilla,free_v
1820,72.0,22283.027832598,1000,vanilla,free_v
1821,89.0,54331.813393518496,1000,vanilla,free_v
1822,79.0,22387.960674806567,1000,vanilla,free_v
1823,42.0,20852.53433270745,1000,vanilla,free_v
1824,72.0,19660.48934822232,1000,vanilla,free_v
1825,86.0,19315.00592402868,1000,vanilla,free_v
1826,73.0,21308.81442101816,1000,vanilla,free_v
1827,78.0,21686.202998427743,1000,vanilla,free_v
1828,80.0,20862.601326958436,1000,vanilla,free_v
1829,77.0,20495.87667394414,1000,vanilla,free_v
1830,86.0,21139.411096400483,1000,vanilla,free_v
1831,74.0,19816.39500264226,1000,vanilla,free_v
1832,49.0,17663.96004429732,1000,vanilla,free_v
1833,93.0,21536.158751352013,1000,vanilla,free_v
1834,93.0,20925.95331591245,1000,vanilla,free_v
1835,75.0,21377.01172306486,1000,vanilla,free_v
1836,86.0,21225.909227801138,1000,vanilla,free_v
1837,90.0,21600.14253504291,1000,vanilla,free_v
1838,61.0,18060.655499867004,1000,vanilla,free_v
1839,92.0,21173.35495836466,1000,vanilla,free_v
1840,77.0,20373.211332038813,1000,vanilla,free_v
1841,82.0,20158.061490666063,1000,vanilla,free_v
1842,94.0,21645.55426892178,1000,vanilla,free_v
1843,70.0,21475.126183782624,1000,vanilla,free_v
1844,81.0,22911.32043566274,1000,vanilla,free_v
1845,76.0,22394.042901431963,1000,vanilla,free_v
1846,66.0,20790.668130477858,1000,vanilla,free_v
1847,75.0,19008.85900022698,1000,vanilla,free_v
1848,68.0,21784.973563893454,1000,vanilla,free_v
1849,68.0,20177.38430024117,1000,vanilla,free_v
1850,78.0,18398.631818394315,1000,vanilla,free_v
1851,100.0,20441.441631269565,1000,vanilla,free_v
1852,89.0,21676.05042855779,1000,vanilla,free_v
1853,45.0,20290.28436553366,1000,vanilla,free_v
1854,66.0,21405.51105613593,1000,vanilla,free_v
1855,89.0,18937.306614157857,1000,vanilla,free_v
1856,89.0,21075.72722090564,1000,vanilla,free_v
1857,84.0,20710.452381138497,1000,vanilla,free_v
1858,82.0,20531.02989150237,1000,vanilla,free_v
1859,77.0,20426.113332469515,1000,vanilla,free_v
1860,79.0,21337.4562559297,1000,vanilla,free_v
1861,95.0,22262.680445083304,1000,vanilla,free_v
1862,69.0,21140.519861247103,1000,vanilla,free_v
1863,99.0,21365.20350662572,1000,vanilla,free_v
1864,77.0,20585.96511581224,1000,vanilla,free_v
1865,74.0,21755.338277395887,1000,vanilla,free_v
1866,68.0,19873.2032577446,1000,vanilla,free_v
1867,77.0,21771.741426305864,1000,vanilla,free_v
1868,92.0,20679.283772956,1000,vanilla,free_v
1869,87.0,18707.432031743258,1000,vanilla,free_v
1870,73.0,22046.905392452118,1000,vanilla,free_v
1871,65.0,19030.775631202887,1000,vanilla,free_v
1872,57.0,96279051.94241296,1000,vanilla,free_v
1873,77.0,21772.400823560427,1000,vanilla,free_v
1874,74.0,19342.318663389346,1000,vanilla,free_v
1875,89.0,19133.021879953743,1000,vanilla,free_v
1876,83.0,19477.09896906316,1000,vanilla,free_v
1877,82.0,21028.72332673931,1000,vanilla,free_v
1878,81.0,20605.778377994942,1000,vanilla,free_v
1879,87.0,20291.27949943489,1000,vanilla,free_v
1880,88.0,20084.796016007705,1000,vanilla,free_v
1881,96.0,20990.377230005703,1000,vanilla,free_v
1882,74.0,20913.85306293695,1000,vanilla,free_v
1883,65.0,20109.175614580832,1000,vanilla,free_v
1884,109.0,20582.80481535328,1000,vanilla,free_v
1885,96.0,21815.85789777728,1000,vanilla,free_v
1886,90.0,22322.61168958685,1000,vanilla,free_v
1887,87.0,20988.10184532677,1000,vanilla,free_v
1888,78.0,20503.17403400894,1000,vanilla,free_v
1889,91.0,18504.28592917545,1000,vanilla,free_v
1890,36.0,19382.514539424326,1000,vanilla,free_v
1891,60.0,20429.95992742583,1000,vanilla,free_v
1892,91.0,20885.586006464982,1000,vanilla,free_v
1893,79.0,21512.167844142918,1000,vanilla,free_v
1894,87.0,32573.657844351637,1000,vanilla,free_v
1895,90.0,20556.935574211115,1000,vanilla,free_v
1896,91.0,19908.251026504797,1000,vanilla,free_v
1897,90.0,21168.323207115103,1000,vanilla,free_v
1898,91.0,19716.31775140269,1000,vanilla,free_v
1899,91.0,18828.99152281969,1000,vanilla,free_v
1900,37.0,20513.21311514941,1000,vanilla,free_v
1901,74.0,21565.795499004937,1000,vanilla,free_v
1902,87.0,21032.848413054835,1000,vanilla,free_v
1903,154.0,21289.82251255419,1000,vanilla,free_v
1904,76.0,21246.924905246608,1000,vanilla,free_v
1905,118.0,20637.514840916832,1000,vanilla,free_v
1906,77.0,20623.35128801577,1000,vanilla,free_v
1907,71.0,20181.692369475582,1000,vanilla,free_v
1908,76.0,20853.204317276875,1000,vanilla,free_v
1909,96.0,22170.94277266629,1000,vanilla,free_v
1910,89.0,20922.79148208256,1000,vanilla,free_v
1911,44.0,20124.976152640156,1000,vanilla,free_v
1912,79.0,19783.523494224573,1000,vanilla,free_v
1913,74.0,23253.03770376309,1000,vanilla,free_v
1914,76.0,19902.33458584952,1000,vanilla,free_v
1915,147.0,17809.61636865987,1000,vanilla,free_v
1916,73.0,22476.857977013184,1000,vanilla,free_v
1917,68.0,22028.793874851825,1000,vanilla,free_v
1918,90.0,19821.72961775528,1000,vanilla,free_v
1919,90.0,20020.15534195848,1000,vanilla,free_v
1920,97.0,21286.208895669926,1000,vanilla,free_v
1921,64.0,20769.478189862675,1000,vanilla,free_v
1922,76.0,20951.19191533204,1000,vanilla,free_v
1923,75.0,19967.87280378708,1000,vanilla,free_v
1924,84.0,21417.91578661872,1000,vanilla,free_v
1925,69.0,20326.116111281182,1000,vanilla,free_v
1926,85.0,20522.28444118601,1000,vanilla,free_v
1927,41.0,128206.73479352826,1000,vanilla,free_v
1928,53.0,21258.964791266884,1000,vanilla,free_v
1929,78.0,19111.62949611401,1000,vanilla,free_v
1930,57.0,21716.40697116516,1000,vanilla,free_v
1931,86.0,19979.88668547136,1000,vanilla,free_v
1932,83.0,18655.369903784875,1000,vanilla,free_v
1933,69.0,20741.369377403087,1000,vanilla,free_v
1934,98.0,21284.791937993832,1000,vanilla,free_v
1935,74.0,19158.119959853397,1000,vanilla,free_v
1936,66.0,19913.675058745324,1000,vanilla,free_v
1937,66.0,20820.07549422712,1000,vanilla,free_v
1938,88.0,18620.04073890827,1000,vanilla,free_v
1939,77.0,17746.442592128216,1000,vanilla,free_v
1940,83.0,21063.996144908186,1000,vanilla,free_v
1941,93.0,20389.046652311303,1000,vanilla,free_v
1942,60.0,19402.639216144657,1000,vanilla,free_v
1943,55.0,21643.80550451773,1000,vanilla,free_v
1944,89.0,20495.67218534682,1000,vanilla,free_v
1945,46.0,21728.26778485697,1000,vanilla,free_v
1946,61.0,20556.97310642045,1000,vanilla,free_v
1947,80.0,27944.3366596948,1000,vanilla,free_v
1948,75.0,21776.33289648141,1000,vanilla,free_v
1949,78.0,20700.09039619276,1000,vanilla,free_v
1950,95.0,20986.311521693253,1000,vanilla,free_v
1951,67.0,21988.507655567533,1000,vanilla,free_v
1952,90.0,20840.692679350203,1000,vanilla,free_v
1953,87.0,20165.7795743041,1000,vanilla,free_v
1954,78.0,21380.2478200026,1000,vanilla,free_v
1955,139.0,20009.187247990823,1000,vanilla,free_v
1956,96.0,20413.57163363887,1000,vanilla,free_v
1957,69.0,20532.520171110293,1000,vanilla,free_v
1958,93.0,20589.406887548197,1000,vanilla,free_v
1959,75.0,19557.8732692719,1000,vanilla,free_v
1960,91.0,22773.44919130521,1000,vanilla,free_v
1961,80.0,20208.001503785184,1000,vanilla,free_v
1962,88.0,19572.60006180776,1000,vanilla,free_v
1963,73.0,20755.305757651306,1000,vanilla,free_v
1964,73.0,18244.170709630223,1000,vanilla,free_v
1965,81.0,19779.53989305345,1000,vanilla,free_v
1966,138.0,20569.897828892343,1000,vanilla,free_v
1967,81.0,21110.8647901997,1000,vanilla,free_v
1968,78.0,20481.14793833033,1000,vanilla,free_v
1969,93.0,21705.567503613467,1000,vanilla,free_v
1970,82.0,22902.27517743287,1000,vanilla,free_v
1971,84.0,20905.311775373048,1000,vanilla,free_v
1972,84.0,20018.974511767254,1000,vanilla,free_v
1973,91.0,20234.012566128054,1000,vanilla,free_v
1974,81.0,21555.985593699515,1000,vanilla,free_v
1975,66.0,20922.29959721193,1000,vanilla,free_v
1976,75.0,20755.71124093968,1000,vanilla,free_v
1977,81.0,20724.5752931215,1000,vanilla,free_v
1978,100.0,21268.79725066926,1000,vanilla,free_v
1979,83.0,109245.73195632876,1000,vanilla,free_v
1980,91.0,20167.42968821803,1000,vanilla,free_v
1981,64.0,17722.05029742003,1000,vanilla,free_v
1982,66.0,541936.1540162002,1000,vanilla,free_v
1983,75.0,21106.167047319526,1000,vanilla,free_v
1984,87.0,21747.395802993426,1000,vanilla,free_v
1985,62.0,21073.311184288064,1000,vanilla,free_v
1986,71.0,19786.93370972757,1000,vanilla,free_v
1987,90.0,21377.915023874026,1000,vanilla,free_v
1988,71.0,21642.60479871319,1000,vanilla,free_v
1989,80.0,20121.17828375963,1000,vanilla,free_v
1990,91.0,22779.169485889684,1000,vanilla,free_v
1991,98.0,20369.06886612457,1000,vanilla,free_v
1992,64.0,19466.147285437863,1000,vanilla,free_v
1993,88.0,830300.4185550754,1000,vanilla,free_v
1994,80.0,21007.615450488905,1000,vanilla,free_v
1995,41.0,20304.944570694373,1000,vanilla,free_v
1996,88.0,21281.127671866685,1000,vanilla,free_v
1997,89.0,19794.062931893062,1000,vanilla,free_v
1998,88.0,20187.756104287502,1000,vanilla,free_v
1999,64.0,1175302.558722817,1000,vanilla,free_v
